CD_MAKE_VEH,CD_MODEL_VEH,CD_CLR_BDY_VEH_P,NB_YEAR_MFC_VEH,TOTAL
ABARTH,695 CO,BLK,2023,3
ABARTH,695 CO,BLU,2023,1
ABARTH,695 CO,GRY,2023,2
ABARTH,695 CO,WHI,2023,1
ACE   ,AL270 ,YLW,2023,1
ACHTNG,ACHTUN,WHI,2023,1
AGRIFC,CONDOR,RED,2023,1
ALFA R,GIULIA,BLK,2023,1
ALFA R,GIULIA,GRY,2023,2
ALFA R,GIULIA,RED,2023,4
ALFA R,GIULIA,WHI,2023,1
ALFA R,STELVI,RED,2023,1
ALFA R,STELVI,WHI,2023,2
ALFA R,TONALE,BLK,2023,4
ALFA R,TONALE,BLU,2023,1
ALFA R,TONALE,GRN,2023,2
ALFA R,TONALE,GRY,2023,1
ALFA R,TONALE,RED,2023,6
ALFA R,TONALE,WHI,2023,5
APRILI,RS660 ,BLK,2023,1
APRILI,RS660 ,GLD,2022,1
APRILI,RS660 ,WHI,2023,1
APRILI,TUAREG,RED,2023,2
APRILI,TUO660,BLK,2022,1
APRILI,XC660 ,GLD,2023,1
APRILI,XC660 ,RED,2022,1
ARCTIC,NORSEM,RED,2022,2
ASTON ,VANTAG,GRN,2023,1
AUDI  ,A1    ,BLU,2023,1
AUDI  ,A1    ,SIL,2023,1
AUDI  ,A1    ,WHI,2023,4
AUDI  ,A3    ,BLK,2023,6
AUDI  ,A3    ,BLU,2023,4
AUDI  ,A3    ,GRY,2023,7
AUDI  ,A3    ,SIL,2023,2
AUDI  ,A3    ,WHI,2023,10
AUDI  ,A4    ,BLK,2023,6
AUDI  ,A4    ,BLU,2023,1
AUDI  ,A4    ,GRY,2023,4
AUDI  ,A4    ,WHI,2023,1
AUDI  ,A5    ,BLK,2023,5
AUDI  ,A5    ,BLU,2023,1
AUDI  ,A5    ,GRY,2023,4
AUDI  ,A5    ,RED,2023,1
AUDI  ,A8    ,BLK,2023,1
AUDI  ,E TRON,GRY,2023,1
AUDI  ,ETRON ,GRY,2023,1
AUDI  ,E-TRON,BLK,2023,1
AUDI  ,Q2    ,BLK,2023,10
AUDI  ,Q2    ,BLU,2023,3
AUDI  ,Q2    ,GRY,2023,3
AUDI  ,Q2    ,RED,2023,1
AUDI  ,Q2    ,SIL,2023,3
AUDI  ,Q2    ,WHI,2023,6
AUDI  ,Q3    ,BLK,2022,1
AUDI  ,Q3    ,BLK,2023,10
AUDI  ,Q3    ,BLU,2023,3
AUDI  ,Q3    ,GRY,2022,1
AUDI  ,Q3    ,GRY,2023,7
AUDI  ,Q3    ,RED,2023,1
AUDI  ,Q3    ,SIL,2023,2
AUDI  ,Q3    ,WHI,2022,1
AUDI  ,Q3    ,WHI,2023,8
AUDI  ,Q5    ,BLK,2023,19
AUDI  ,Q5    ,BLU,2023,6
AUDI  ,Q5    ,GRN,2023,2
AUDI  ,Q5    ,GRY,2023,14
AUDI  ,Q5    ,WHI,2023,22
AUDI  ,Q7    ,BLK,2023,13
AUDI  ,Q7    ,BLU,2023,3
AUDI  ,Q7    ,GRY,2022,1
AUDI  ,Q7    ,GRY,2023,11
AUDI  ,Q7    ,WHI,2023,5
AUDI  ,Q8    ,BLK,2023,2
AUDI  ,Q8    ,BLU,2023,2
AUDI  ,Q8    ,GRY,2023,2
AUDI  ,Q8    ,WHI,2023,1
AUDI  ,RS ETR,BLK,2023,1
AUDI  ,RS3   ,BLK,2023,4
AUDI  ,RS3   ,GRY,2023,3
AUDI  ,RS3   ,WHI,2023,3
AUDI  ,RS5   ,BLK,2023,1
AUDI  ,RSQ3  ,GRY,2023,1
AUDI  ,RSQ8  ,GRY,2023,1
AUDI  ,S3    ,BLK,2023,2
AUDI  ,S3    ,BLU,2023,1
AUDI  ,S3    ,GRY,2023,3
AUDI  ,S3    ,WHI,2022,1
AUDI  ,S3 SPO,WHI,2023,1
AUDI  ,S4    ,BLK,2023,1
AUDI  ,S4    ,GRY,2022,1
AUDI  ,S4    ,GRY,2023,1
AUDI  ,S4    ,WHI,2022,1
AUDI  ,S5    ,BLK,2023,6
AUDI  ,S5    ,BLU,2023,1
AUDI  ,S5    ,GRY,2023,1
AUDI  ,S5    ,WHI,2023,2
AUDI  ,SQ2   ,BLK,2023,2
AUDI  ,SQ2   ,BLU,2023,1
AUDI  ,SQ2   ,GRY,2023,2
AUDI  ,SQ2   ,WHI,2023,1
AUDI  ,SQ5   ,BLK,2023,1
AUDI  ,SQ5   ,BLU,2023,2
AUDI  ,SQ5   ,GRY,2023,2
AUDI  ,SQ7   ,BLK,2023,1
AUDI  ,SQ8   ,BLK,2023,2
AUDI  ,SQ8   ,GRY,2023,1
AUDI  ,SQ8   ,WHI,2023,2
AUDI  ,TT    ,BLK,2023,2
AUDI  ,TT    ,BLU,2023,1
B M W ,1 SERI,BLK,2023,1
B M W ,118   ,BLK,2023,1
B M W ,118I  ,BLK,2023,2
B M W ,118I  ,BLU,2023,1
B M W ,118I  ,GRY,2023,5
B M W ,118I  ,RED,2023,1
B M W ,118I  ,WHI,2023,3
B M W ,118I H,WHI,2023,1
B M W ,1250GS,BLK,2023,1
B M W ,128TI ,BLK,2023,4
B M W ,128TI ,GRY,2023,3
B M W ,128TI ,WHI,2023,2
B M W ,218I  ,BLK,2023,8
B M W ,218I  ,GRY,2023,3
B M W ,218I  ,RED,2023,1
B M W ,218I  ,WHI,2023,3
B M W ,218I G,GRY,2023,2
B M W ,220I  ,BLK,2023,6
B M W ,220I  ,BLU,2023,2
B M W ,220I  ,GRY,2023,4
B M W ,220I  ,WHI,2023,8
B M W ,220I G,BLU,2023,1
B M W ,220I G,GRY,2023,1
B M W ,230I  ,BLU,2023,2
B M W ,230I  ,GRY,2023,1
B M W ,3 SERI,GRY,2023,2
B M W ,320I  ,BLK,2023,8
B M W ,320I  ,BLU,2023,4
B M W ,320I  ,GRY,2023,13
B M W ,320I  ,RED,2023,1
B M W ,320I  ,WHI,2023,9
B M W ,330E  ,BLK,2023,2
B M W ,330E  ,WHI,2023,2
B M W ,330I  ,BLK,2023,10
B M W ,330I  ,BLU,2023,6
B M W ,330I  ,GRY,2023,4
B M W ,330I  ,RED,2023,1
B M W ,330I  ,WHI,2023,5
B M W ,420I  ,BLK,2023,2
B M W ,420I  ,BLU,2023,1
B M W ,420I  ,WHI,2023,2
B M W ,420I C,BLU,2023,1
B M W ,420I G,GRY,2023,1
B M W ,430I  ,BLK,2023,4
B M W ,430I  ,BLU,2023,1
B M W ,430I  ,GRY,2023,2
B M W ,430I  ,WHI,2023,3
B M W ,430I G,BLU,2023,1
B M W ,430I G,WHI,2023,2
B M W ,530D  ,BLK,2023,3
B M W ,530D  ,BLU,2023,4
B M W ,530D  ,GRY,2023,3
B M W ,530D  ,WHI,2023,1
B M W ,740I  ,GRY,2023,1
B M W ,740I  ,WHI,2023,1
B M W ,8 SERI,BLK,2022,1
B M W ,840I  ,WHI,2023,2
B M W ,ALPINA,BLU,2023,1
B M W ,C400GT,BLK,2023,1
B M W ,CE04  ,GRY,2023,1
B M W ,F750GS,WHI,2023,1
B M W ,F850 G,BEI,2023,2
B M W ,F850 G,BLK,2023,1
B M W ,F900R ,GRY,2023,1
B M W ,F900R ,WHI,2023,1
B M W ,F900XR,BLK,2023,1
B M W ,G05 X5,BLU,2023,1
B M W ,G05 X5,WHI,2023,1
B M W ,G310GS,BLK,2023,1
B M W ,G310GS,BRN,2023,1
B M W ,G310R ,RED,2023,2
B M W ,I4    ,BLU,2023,1
B M W ,I4    ,WHI,2023,1
B M W ,I4 M50,GRY,2023,1
B M W ,I7    ,WHI,2023,1
B M W ,I7 XDR,BLK,2023,1
B M W ,IX    ,BLK,2023,1
B M W ,IX    ,WHI,2023,3
B M W ,IX 3  ,WHI,2023,1
B M W ,IX 40 ,BLK,2023,1
B M W ,IX 40 ,BLU,2023,2
B M W ,IX 40 ,RED,2023,1
B M W ,IX 40 ,WHI,2023,1
B M W ,IX 50 ,WHI,2023,1
B M W ,IX XDR,BLK,2023,1
B M W ,IX XDR,GRY,2023,1
B M W ,IX XDR,WHI,2023,1
B M W ,IX1   ,SIL,2023,1
B M W ,IX1   ,WHI,2023,1
B M W ,IX3   ,BLK,2023,2
B M W ,IX3   ,BLU,2023,2
B M W ,IX3   ,GRY,2023,2
B M W ,IX3   ,RED,2023,1
B M W ,IX3   ,SIL,2023,2
B M W ,IX3   ,WHI,2023,6
B M W ,IX3 M ,BLK,2023,3
B M W ,IX3 M ,BLU,2023,1
B M W ,IX3 M ,GRY,2023,1
B M W ,IX3 M ,WHI,2023,1
B M W ,IX40  ,WHI,2023,1
B M W ,IX50  ,GRY,2023,1
B M W ,M 1000,WHI,2023,1
B M W ,M1000 ,BLK,2023,2
B M W ,M1000R,BLK,2023,1
B M W ,M135I ,BLK,2023,2
B M W ,M135I ,WHI,2023,3
B M W ,M135I ,YLW,2023,1
B M W ,M2    ,BLK,2023,2
B M W ,M2    ,BLU,2023,2
B M W ,M2    ,GRY,2023,2
B M W ,M2    ,RED,2023,5
B M W ,M2    ,WHI,2023,1
B M W ,M235I ,BLK,2023,1
B M W ,M235I ,GRY,2023,1
B M W ,M235I ,WHI,2023,2
B M W ,M240I ,BLK,2023,1
B M W ,M240I ,GRY,2023,2
B M W ,M240I ,PUR,2023,2
B M W ,M240I ,WHI,2023,1
B M W ,M3    ,BLK,2023,1
B M W ,M3    ,GRN,2023,1
B M W ,M3    ,GRY,2023,2
B M W ,M3    ,OGE,2023,1
B M W ,M3    ,RED,2023,1
B M W ,M3 COM,GRN,2023,1
B M W ,M3 COM,GRY,2023,2
B M W ,M3 COM,WHI,2023,1
B M W ,M3 TOU,BLK,2023,1
B M W ,M3 TOU,GRY,2023,2
B M W ,M3 TOU,RED,2023,1
B M W ,M340I ,BLU,2023,4
B M W ,M340I ,GRY,2023,3
B M W ,M340I ,WHI,2023,1
B M W ,M4    ,GRY,2023,1
B M W ,M4    ,PUR,2023,1
B M W ,M4    ,RED,2023,1
B M W ,M4 CO ,GRY,2023,1
B M W ,M4 COM,BLK,2023,1
B M W ,M4 COM,RED,2023,1
B M W ,M440I ,BLK,2023,2
B M W ,M440I ,GRY,2023,4
B M W ,M5    ,GRY,2023,1
B M W ,M550I ,BLK,2023,1
B M W ,R 1250,BLK,2023,1
B M W ,R 1250,WHI,2023,1
B M W ,R 18  ,RED,2023,1
B M W ,R1250 ,BLK,2023,3
B M W ,R1250 ,BLU,2023,2
B M W ,R1250 ,WHI,2023,4
B M W ,R1250G,BLK,2023,3
B M W ,R1250G,BLU,2023,2
B M W ,R1250G,WHI,2023,2
B M W ,R1250R,BLK,2023,1
B M W ,R18   ,BLK,2023,1
B M W ,R18 BL,BLK,2023,1
B M W ,S 1000,BLK,2023,2
B M W ,S 1000,RED,2023,1
B M W ,S 1000,WHI,2023,1
B M W ,S1000R,BLU,2023,1
B M W ,S1000R,RED,2023,2
B M W ,S1000R,SIL,2023,1
B M W ,S1000R,WHI,2023,2
B M W ,X1    ,BLK,2023,5
B M W ,X1    ,BLU,2023,4
B M W ,X1    ,GRN,2023,5
B M W ,X1    ,GRY,2023,2
B M W ,X1    ,SIL,2023,1
B M W ,X1    ,WHI,2023,5
B M W ,X1 18I,BLK,2023,3
B M W ,X1 18I,BLU,2023,1
B M W ,X1 18I,GRN,2023,2
B M W ,X1 18I,SIL,2023,1
B M W ,X1 18I,WHI,2023,31
B M W ,X1 20I,BLK,2023,9
B M W ,X1 20I,BLU,2023,4
B M W ,X1 20I,GRN,2023,3
B M W ,X1 20I,GRY,2023,3
B M W ,X1 20I,SIL,2023,3
B M W ,X1 20I,WHI,2023,9
B M W ,X1 SDR,BLK,2023,1
B M W ,X2    ,BLK,2023,1
B M W ,X2 20I,OGE,2023,1
B M W ,X3    ,BLK,2023,4
B M W ,X3    ,BLU,2023,1
B M W ,X3    ,GRY,2023,8
B M W ,X3    ,WHI,2023,6
B M W ,X3 20D,WHI,2023,1
B M W ,X3 20I,BLK,2023,1
B M W ,X3 20I,GRY,2023,1
B M W ,X3 20I,WHI,2023,4
B M W ,X3 30E,WHI,2023,1
B M W ,X3 30I,BLK,2023,12
B M W ,X3 30I,BLU,2023,1
B M W ,X3 30I,GRY,2023,5
B M W ,X3 30I,WHI,2023,10
B M W ,X3 M  ,GRY,2023,1
B M W ,X3 M40,BLK,2023,2
B M W ,X3 M40,WHI,2023,2
B M W ,X3 XDR,GRY,2023,2
B M W ,X4    ,BLK,2023,1
B M W ,X4    ,GRY,2023,3
B M W ,X4    ,WHI,2023,1
B M W ,X4 20I,BLK,2023,1
B M W ,X4 20I,BLU,2023,1
B M W ,X4 30I,BLK,2023,2
B M W ,X4 30I,RED,2023,1
B M W ,X4 M40,GRY,2023,1
B M W ,X4 M40,RED,2023,1
B M W ,X4M   ,BLK,2023,1
B M W ,X5    ,BLK,2023,9
B M W ,X5    ,BLU,2023,5
B M W ,X5    ,GRN,2023,1
B M W ,X5    ,GRY,2023,7
B M W ,X5    ,WHI,2023,5
B M W ,X5 30D,BLK,2023,30
B M W ,X5 30D,BLU,2023,3
B M W ,X5 30D,GRY,2023,10
B M W ,X5 30D,WHI,2023,12
B M W ,X5 40I,BLK,2023,2
B M W ,X5 40I,GLD,2023,1
B M W ,X5 40I,GRY,2023,1
B M W ,X5 M  ,BLK,2023,2
B M W ,X5 M  ,BLU,2023,2
B M W ,X5 M  ,WHI,2023,1
B M W ,X5 M50,BLK,2023,3
B M W ,X5 M50,BLU,2023,4
B M W ,X5 M50,GRY,2023,1
B M W ,X5 M60,BLK,2023,3
B M W ,X5 M60,WHI,2023,2
B M W ,X5 XDR,PUR,2023,1
B M W ,X550E ,GRY,2023,1
B M W ,X6    ,GRY,2023,4
B M W ,X6 30D,BLK,2023,1
B M W ,X6 30D,GRN,2023,1
B M W ,X6 30D,WHI,2023,3
B M W ,X6 40I,BLK,2023,4
B M W ,X6 40I,WHI,2023,2
B M W ,X6 M  ,BLK,2023,1
B M W ,X6 M  ,WHI,2023,1
B M W ,X6 M60,BLK,2023,1
B M W ,X7    ,BLK,2023,2
B M W ,X7    ,BLU,2023,3
B M W ,X7    ,GRY,2023,1
B M W ,X7    ,WHI,2023,1
B M W ,X7 40D,BLK,2023,9
B M W ,X7 40D,BLU,2023,2
B M W ,X7 40D,GRY,2023,3
B M W ,X7 40D,WHI,2023,4
B M W ,X7 M60,BLU,2023,1
B M W ,XD3   ,BLU,2023,1
B M W ,XM    ,BLK,2023,4
B M W ,XM    ,GRY,2023,1
B M W ,XM    ,WHI,2023,1
B M W ,Z4 20I,GRY,2023,1
B Y D ,A     ,GRY,2023,1
B Y D ,AAA   ,BLU,2023,1
B Y D ,ATTO3 ,BLU,2023,42
B Y D ,ATTO3 ,GRN,2023,42
B Y D ,ATTO3 ,GRY,2023,47
B Y D ,ATTO3 ,RED,2023,38
B Y D ,ATTO3 ,WHI,2023,131
B Y D ,RANGER,WHI,2023,1
BAOLI ,KBD25 ,BLU,2023,1
BENELL,502C  ,BLK,2022,1
BENELL,TNT 12,RED,2023,1
BENELL,TNT 12,WHI,2022,1
BENELL,TRK 50,WHI,2022,1
BENELL,TRK502,BLU,2022,1
BENT  ,BENTAY,BLK,2023,2
BENT  ,BENTAY,WHI,2023,1
BENT  ,CONTIN,RED,2023,1
BETA  ,300RR ,RED,2023,1
BETA  ,BMARR ,RED,2022,1
BETA  ,RR350 ,RED,2022,1
BETA  ,RR390 ,RED,2022,1
BETA  ,RR390 ,RED,2023,1
BETA  ,RR480 ,RED,2022,1
BETA  ,XT300 ,RED,2023,3
BOBCAT,E17Z  ,WHI,2023,1
BOBCAT,S450  ,WHI,2023,1
BOBCAT,S66   ,WHI,2023,2
BOBCAT,T590  ,WHI,2023,3
BRAAAP,CRUISE,BLK,2023,2
BRAAAP,M3    ,WHI,2023,2
BRAAAP,MOTOE ,BLK,2023,2
BRAAAP,ST250 ,BLK,2022,2
C BILT,PROSLA,BLU,2022,1
C BILT,R300  ,BLU,2022,1
C FIRE,E5    ,WHI,2023,1
CAD   ,CX30  ,GRY,2023,1
CAN AM,9WPA  ,GRN,2023,1
CAN AM,9WPB  ,YLW,2023,1
CAN AM,COMMAN,BLU,2022,1
CAN AM,DEFEND,BLK,2023,3
CAN AM,DEFEND,GRN,2022,1
CAN AM,DEFEND,GRN,2023,3
CAN AM,DEFEND,GRY,2023,1
CAN AM,DEFEND,YLW,2022,2
CAN AM,DEFEND,YLW,2023,3
CAN AM,HD9XU ,BLK,2023,1
CAN AM,HD9XU ,YLW,2023,1
CAN AM,OUTLAN,GRN,2022,2
CAN AM,RT LTD,BLU,2022,1
CAN AM,RYKER ,BLK,2022,3
CAN AM,XU HD9,YLW,2023,1
CAN AM,XUHD9 ,YLW,2023,1
CASE  ,8250 M,PUR,2023,1
CASE  ,9250 M,RED,2022,1
CASE  ,FARMAL,RED,2022,5
CASE  ,FARMAL,RED,2023,4
CASE  ,MAXXUM,RED,2022,4
CASE  ,PUMA 1,RED,2023,1
CASE  ,PUMA18,RED,2023,1
CATPLR,226   ,YLW,2023,1
CATPLR,242D3L,YLW,2023,1
CATPLR,259D3 ,YLW,2022,1
CATPLR,299D3 ,YLW,2022,1
CATPLR,299D3 ,YLW,2023,1
CATPLR,303   ,YLW,2022,1
CATPLR,303 5 ,YLW,2022,1
CATPLR,303 5 ,YLW,2023,3
CATPLR,308   ,YLW,2023,1
CATPLR,315   ,YLW,2022,1
CATPLR,432   ,YLW,2022,1
CATPLR,432   ,YLW,2023,1
CATPLR,CB7   ,YLW,2023,2
CATPLR,CS12GC,YLW,2022,2
CATPLR,CS44B ,YLW,2022,1
CATPLR,CS45GC,YLW,2023,1
CATPLR,CS78B ,YLW,2023,1
CATPLR,CW34  ,YLW,2023,1
CATPLR,DP30N ,YLW,2023,2
CATPLR,EP25CB,YLW,2023,1
CATPLR,GP25NT,YLW,2022,1
CATPLR,GP35NT,YLW,2023,1
CFMOTO,      ,RED,2023,1
CFMOTO,1000TR,BLU,2023,1
CFMOTO,150NK ,BLU,2022,1
CFMOTO,300NK ,BLK,2023,1
CFMOTO,300NK ,BLU,2023,2
CFMOTO,300NK ,WHI,2023,1
CFMOTO,300SR ,BLK,2023,1
CFMOTO,300SR ,BLU,2023,2
CFMOTO,300SR ,OGE,2022,2
CFMOTO,300SR ,OGE,2023,1
CFMOTO,450SR ,BLK,2022,4
CFMOTO,450SR ,BLK,2023,10
CFMOTO,450SR ,GRY,2022,1
CFMOTO,450SR ,WHI,2022,1
CFMOTO,450SR ,WHI,2023,2
CFMOTO,625CFO,GRN,2023,1
CFMOTO,650MT ,BLU,2023,1
CFMOTO,650NK ,WHI,2023,2
CFMOTO,800MT ,BEI,2023,1
CFMOTO,800MT ,BLK,2022,1
CFMOTO,800MT ,BLK,2023,1
CFMOTO,800MT ,BLU,2022,1
CFMOTO,800MT ,BLU,2023,1
CFMOTO,800MT ,WHI,2023,2
CFMOTO,C FORC,BLU,2023,1
CFMOTO,C400  ,BLU,2023,1
CFMOTO,C400  ,OGE,2023,2
CFMOTO,C520  ,RED,2023,2
CFMOTO,C625  ,GRN,2023,1
CFMOTO,CF300C,BLU,2023,1
CFMOTO,CF520A,RED,2023,2
CFMOTO,CF600 ,GRY,2023,1
CFMOTO,CF600U,GRN,2023,1
CFMOTO,CF650L,BLK,2022,1
CFMOTO,CFORCE,BLU,2023,1
CFMOTO,CFORCE,OGE,2023,1
CFMOTO,CFORCE,RED,2023,4
CFMOTO,CLX SP,GRY,2022,1
CFMOTO,CLX300,BLK,2023,1
CFMOTO,CLX300,WHI,2023,1
CFMOTO,EPST  ,BLU,2023,1
CFMOTO,HUNTER,GRN,2023,1
CFMOTO,MT 800,BLU,2022,1
CFMOTO,MT800 ,YLW,2023,1
CFMOTO,NK ABS,BLK,2022,1
CFMOTO,U1000 ,BLU,2023,1
CFMOTO,U4600 ,SIL,2023,1
CFMOTO,U600  ,BLK,2023,1
CFMOTO,U600  ,GRN,2023,1
CFMOTO,UFORCE,BLU,2022,1
CFMOTO,UFORCE,BLU,2023,5
CFMOTO,UFORCE,GRN,2023,3
CFMOTO,UFORCE,GRY,2023,2
CFMOTO,UFORCE,KHA,2023,1
CFMOTO,UFORCE,SIL,2023,1
CFMOTO,V100  ,BLU,2023,1
CFMOTO,Z950  ,GRY,2023,1
CHALL ,GTK613,WHI,2023,3
CHERY ,BX T34,BLU,2023,1
CHERY ,EX T34,GRY,2023,1
CHERY ,EX T34,SIL,2023,1
CHERY ,OMODA ,BLK,2023,32
CHERY ,OMODA ,BLU,2023,29
CHERY ,OMODA ,GRN,2023,4
CHERY ,OMODA ,GRY,2023,51
CHERY ,OMODA ,SIL,2023,79
CHERY ,OMODA ,WHI,2023,97
CHERY ,OMODA5,BLK,2023,4
CHERY ,OMODA5,BLU,2023,4
CHERY ,OMODA5,GRN,2023,2
CHERY ,OMODA5,GRY,2023,4
CHERY ,OMODA5,WHI,2023,5
CHERY ,ONODA ,WHI,2023,1
CHEV  ,CORVET,BLU,2023,1
CHEV  ,CORVET,RED,2023,1
CHEV  ,CORVET,WHI,2023,1
CHEV  ,SILVER,BLK,2023,12
CHEV  ,SILVER,BLU,2023,10
CHEV  ,SILVER,GLD,2023,1
CHEV  ,SILVER,GRY,2023,5
CHEV  ,SILVER,RED,2023,3
CHEV  ,SILVER,WHI,2022,1
CHEV  ,SILVER,WHI,2023,27
CHEV  ,ZR2   ,GLD,2023,1
CITRN ,C3    ,BLU,2022,1
CITRN ,C3    ,BLU,2023,1
CITRN ,C4    ,BLU,2023,2
CITRN ,C4    ,RED,2023,2
CITRN ,C5    ,GRY,2023,1
CITRN ,C5    ,WHI,2023,1
CITRN ,C5X   ,BLK,2022,1
CITRN ,C5X   ,GRY,2022,1
CLAAS ,630CIS,GRN,2022,1
CLAAS ,ARION ,GRN,2023,2
CLAAS ,AXION ,SIL,2022,1
CLARK ,GTS25L,GRN,2023,3
CLARK ,GTS33L,GRN,2023,1
CLUB C,BUGGY ,BLK,2023,1
CMBLFT,CB3000,YLW,2023,1
CONVAR,ESCAPE,GRY,2022,1
CROWN ,CG20  ,BEI,2023,1
CROWN ,NXG25 ,CRM,2023,2
CUPRA ,ATECA ,GRY,2023,1
CUPRA ,BORN  ,BLU,2023,4
CUPRA ,BORN  ,GRY,2023,4
CUPRA ,BORN  ,RED,2023,3
CUPRA ,BORN  ,WHI,2023,4
CUPRA ,FORMEN,BLK,2023,5
CUPRA ,FORMEN,BLU,2023,1
CUPRA ,FORMEN,GRY,2023,27
CUPRA ,FORMEN,RED,2023,3
CUPRA ,FORMEN,WHI,2023,2
CUPRA ,LEON V,GRY,2023,4
CUPRA ,LEON V,WHI,2023,2
D EAGL,ELITE ,WHI,2022,1
D EAGL,ELITE ,WHI,2023,4
DAF   ,CF450 ,WHI,2023,2
DAF   ,CF530 ,WHI,2023,2
DAF   ,CF530F,WHI,2023,1
DAF   ,FAS CF,WHI,2023,1
DAF   ,FAT CF,WHI,2023,2
DAF   ,FATCF5,WHI,2022,1
DAF   ,FTT CF,WHI,2022,1
DAF   ,FTT CF,WHI,2023,5
DAF   ,FTT XF,RED,2023,1
DAF   ,FTT XF,WHI,2023,3
DAF   ,FTTXF5,WHI,2023,1
DAF   ,LF290 ,RED,2023,1
DAF   ,LF290 ,WHI,2022,1
DAF   ,XF530 ,WHI,2023,1
DAF   ,XF530F,WHI,2023,1
DAIHAT,HIJET ,GRN,2022,1
DEUTZ ,115G  ,GRN,2023,1
DEUTZ ,115GS ,GRN,2023,1
DEUTZ ,4060E ,GRN,2023,1
DEUTZ ,4080  ,GRN,2023,1
DEUTZ ,40804E,GRN,2023,1
DEUTZ ,4080E ,GRN,2023,1
DEUTZ ,5105.4,GRN,2023,1
DEUTZ ,5115  ,GRN,2023,1
DEUTZ ,5124G ,GRN,2023,1
DEUTZ ,6145G ,GRN,2022,1
DEUTZ ,6145G ,GRN,2023,1
DEUTZ ,AF100D,GRN,2023,1
DEUTZ ,AGRO  ,GRN,2022,1
DEUTZ ,AGROPL,GRN,2022,1
DEUTZ ,AGROTN,GRN,2023,1
DEUTZ ,F80.4 ,GRN,2023,1
DEUTZ ,WARRIO,BLK,2023,1
DIECI ,RUNNER,YLW,2022,1
DODGE ,2500 L,BLK,2023,1
DODGE ,CHALL ,RED,2022,1
DODGE ,CHALLR,BLK,2022,1
DUCATI,DESERT,GRY,2023,2
DUCATI,DESERT,RED,2023,1
DUCATI,DESERT,WHI,2022,1
DUCATI,DESERT,WHI,2023,1
DUCATI,DIAVEL,BLK,2023,1
DUCATI,HYPERM,RED,2023,2
DUCATI,MONSTE,RED,2022,1
DUCATI,MOSTSP,BLK,2023,1
DUCATI,MTS V4,RED,2022,1
DUCATI,MULTIS,GRY,2023,1
DUCATI,MULTIS,RED,2022,1
DUCATI,MULTIS,WHI,2022,1
DUCATI,PANIGA,BLK,2023,1
DUCATI,PANIGA,RED,2023,7
DUCATI,PANIGA,WHI,2023,1
DUCATI,SCRAMB,YLW,2022,1
DUCATI,SCRAMB,YLW,2023,1
DUCATI,STREET,GRY,2022,1
DUCATI,STREET,RED,2023,2
DUCATI,V2 MTS,RED,2023,1
DUCATI,V2 STR,RED,2023,1
DUCATI,V4S PA,RED,2022,1
DUCATI,XDIAVE,GRY,2023,1
DYNAPC,CA1500,WHI,2023,1
DYNAPC,CA4600,WHI,2022,1
E CAR ,      ,WHI,2023,1
E CAR ,LLT-A2,BLK,2023,1
ENFORC,REACH ,RED,2023,1
F LINE,CASCAD,WHI,2022,1
F LINE,CASCAD,WHI,2023,2
FENDT ,312   ,GRN,2023,1
FENDT ,514   ,GRN,2023,2
FENDT ,516   ,GRN,2023,1
FENDT ,722   ,GRN,2023,1
FENDT ,930   ,GRN,2023,1
FENDT ,FD824S,GRN,2023,1
FENDT ,MT938 ,GRN,2022,1
FENDT ,MT938 ,GRN,2023,1
FERRAR,296 GT,BLK,2023,1
FERRAR,296 GT,RED,2023,2
FERRAR,812 GT,RED,2022,1
FERRAR,PORTOF,GRY,2023,1
FERRAR,ROMA  ,BLU,2023,1
FERRAR,ROMA  ,GRY,2023,1
FERRAR,SF90 S,GRY,2022,1
FIAT  ,500 BE,BLU,2023,1
FIAT  ,500 BE,GRN,2023,1
FIAT  ,500 BE,PNK,2023,1
FIAT  ,500 BE,WHI,2023,1
FIAT  ,500 DO,RED,2023,1
FIAT  ,500 DO,WHI,2023,3
FIAT  ,500 LO,RED,2023,2
FIAT  ,500E  ,BLU,2023,1
FIAT  ,500E  ,GLD,2023,1
FIAT  ,500E  ,WHI,2023,3
FIAT  ,695 CO,WHI,2023,1
FIAT  ,CONQUE,WHI,2023,7
FIAT  ,DUCATO,GRY,2022,1
FIAT  ,DUCATO,SIL,2023,2
FIAT  ,DUCATO,WHI,2022,5
FIAT  ,DUCATO,WHI,2023,9
FIAT  ,DUCATO,YLW,2023,1
FIAT  ,INDIE ,WHI,2023,4
FIAT  ,OPTIMU,SIL,2023,1
FIAT  ,OPTIMU,WHI,2023,1
FIMAP ,EVERES,SIL,2023,1
FORCE ,      ,RED,2023,1
FORD  ,ESCAPE,BLK,2023,12
FORD  ,ESCAPE,BLU,2022,1
FORD  ,ESCAPE,BLU,2023,20
FORD  ,ESCAPE,GRY,2023,21
FORD  ,ESCAPE,RED,2023,14
FORD  ,ESCAPE,SIL,2023,19
FORD  ,ESCAPE,WHI,2023,38
FORD  ,EVER  ,WHI,2022,1
FORD  ,EVERES,BLK,2023,96
FORD  ,EVERES,BLU,2023,49
FORD  ,EVERES,BRN,2023,5
FORD  ,EVERES,BRZ,2023,35
FORD  ,EVERES,GLD,2023,3
FORD  ,EVERES,GRY,2023,95
FORD  ,EVERES,OGE,2023,14
FORD  ,EVERES,RED,2023,1
FORD  ,EVERES,SIL,2023,90
FORD  ,EVERES,WHI,2023,140
FORD  ,EVERST,GRY,2023,1
FORD  ,EVERST,WHI,2023,1
FORD  ,F 250 ,BLU,2023,1
FORD  ,F150 P,BLK,2023,1
FORD  ,F250  ,BLK,2023,1
FORD  ,F450  ,SIL,2023,1
FORD  ,JOLION,GRY,2023,1
FORD  ,LARIAT,WHI,2022,1
FORD  ,MSTANG,BLU,2023,1
FORD  ,MUSTAN,BLK,2023,7
FORD  ,MUSTAN,BLU,2023,11
FORD  ,MUSTAN,GRY,2023,8
FORD  ,MUSTAN,PUR,2023,1
FORD  ,MUSTAN,RED,2023,6
FORD  ,MUSTAN,WHI,2023,3
FORD  ,MUSTNG,GRY,2023,1
FORD  ,PUMA  ,BLU,2022,1
FORD  ,PUMA  ,BLU,2023,3
FORD  ,PUMA  ,GRY,2023,8
FORD  ,PUMA  ,RED,2023,3
FORD  ,PUMA  ,SIL,2023,1
FORD  ,PUMA  ,WHI,2022,1
FORD  ,PUMA  ,WHI,2023,2
FORD  ,PUMA S,RED,2023,1
FORD  ,PUMA S,WHI,2023,1
FORD  ,RANGER,BEI,2023,1
FORD  ,RANGER,BLK,2022,2
FORD  ,RANGER,BLK,2023,246
FORD  ,RANGER,BLU,2023,82
FORD  ,RANGER,BRN,2023,2
FORD  ,RANGER,BRZ,2023,13
FORD  ,RANGER,GRY,2022,3
FORD  ,RANGER,GRY,2023,387
FORD  ,RANGER,OGE,2023,98
FORD  ,RANGER,RED,2023,1
FORD  ,RANGER,SIL,2023,241
FORD  ,RANGER,WHI,2022,13
FORD  ,RANGER,WHI,2023,530
FORD  ,RANGER,YLW,2023,33
FORD  ,RANGR ,GRY,2022,1
FORD  ,RAPTOR,BLK,2023,14
FORD  ,RAPTOR,BLU,2023,3
FORD  ,RAPTOR,GRY,2023,19
FORD  ,RAPTOR,OGE,2023,4
FORD  ,RAPTOR,WHI,2023,10
FORD  ,SUNCAM,WHI,2022,1
FORD  ,TRANSI,BLK,2023,2
FORD  ,TRANSI,GRN,2023,2
FORD  ,TRANSI,GRY,2023,1
FORD  ,TRANSI,OGE,2023,1
FORD  ,TRANSI,SIL,2023,1
FORD  ,TRANSI,WHI,2022,1
FORD  ,TRANSI,WHI,2023,17
FORD  ,WILDTR,SIL,2023,1
FORD  ,WILDTR,WHI,2023,1
FOTON ,IBLUEE,BLK,2023,1
FOTON ,IBLUEE,WHI,2023,3
FUSO  ,1424 F,WHI,2023,1
FUSO  ,CANTER,WHI,2022,2
FUSO  ,CANTER,WHI,2023,14
FUSO  ,FEA61B,WHI,2023,1
FUSO  ,FEB21E,WHI,2023,2
FUSO  ,FEB71G,WHI,2022,1
FUSO  ,FEB71G,WHI,2023,2
FUSO  ,FEB7UE,RED,2022,1
FUSO  ,FEC71E,WHI,2022,1
FUSO  ,FIGHTE,BRN,2022,2
FUSO  ,FIGHTE,WHI,2023,8
FUSO  ,FIGHTR,WHI,2022,1
FUSO  ,FK61FL,WHI,2023,2
FUSO  ,FK62  ,WHI,2022,1
FUSO  ,FK62FH,WHI,2023,1
FUSO  ,FM67FS,WHI,2023,2
FUSO  ,FN63FU,WHI,2023,2
FUSO  ,FV74HJ,WHI,2023,3
FUSO  ,NB2   ,WHI,2022,1
FUSO  ,ROSA  ,WHI,2023,2
FUSO  ,ROSO D,WHI,2023,1
FUSO  ,SHOGUN,WHI,2022,1
FUSO  ,SHOGUN,WHI,2023,9
G M C ,SIERRA,RED,2022,1
G M C ,SIERRA,WHI,2023,1
G WALL,CANNON,BLK,2022,2
G WALL,CANNON,BLK,2023,36
G WALL,CANNON,BLU,2022,2
G WALL,CANNON,BLU,2023,24
G WALL,CANNON,RED,2023,6
G WALL,CANNON,SIL,2022,4
G WALL,CANNON,SIL,2023,17
G WALL,CANNON,WHI,2022,3
G WALL,CANNON,WHI,2023,43
G WALL,DC UTE,SIL,2022,1
G WALL,H6 GT ,BLU,2023,1
G WALL,JOLION,WHI,2023,1
G WALL,ORA   ,BLK,2023,1
G WALL,ORA   ,RED,2023,2
G WALL,ORA   ,WHI,2023,2
G WALL,TANK  ,BLK,2023,3
G WALL,TANK  ,GRY,2023,7
G WALL,TANK  ,OGE,2023,6
G WALL,TANK  ,RED,2023,1
G WALL,TANK  ,WHI,2023,3
G WALL,TANK 3,BLK,2023,1
G WALL,TANK 3,GRY,2023,3
G WALL,TANK 3,OGE,2023,4
G WALL,TANK 3,RED,2023,1
G WALL,TANK30,OGE,2023,3
G WALL,UTE   ,BLK,2023,1
G WALL,UTE CA,WHI,2023,1
G WALL,XSR   ,SIL,2023,1
GASGAS,EC 250,RED,2022,2
GASGAS,EC250F,RED,2022,1
GASGAS,EC300 ,RED,2022,2
GASGAS,EC350F,RED,2022,1
GASGAS,EC350F,RED,2023,1
GASGAS,ES 700,RED,2022,2
GENSIS,G80   ,BLK,2023,1
GENSIS,GV60  ,BLK,2023,1
GENSIS,GV60  ,GRY,2023,1
GENSIS,GV60  ,TUR,2023,2
GENSIS,GV60  ,WHI,2023,3
GENSIS,GV70  ,BLK,2023,1
GENSIS,GV70  ,BLU,2023,1
GENSIS,GV70  ,GRN,2023,3
GENSIS,GV70  ,GRY,2023,1
GENSIS,GV70  ,RED,2023,3
GENSIS,GV70  ,SIL,2023,1
GENSIS,GV70  ,WHI,2023,7
GENSIS,GV80  ,BLK,2023,3
GENSIS,GV80  ,GRN,2023,2
GENSIS,GV80  ,GRY,2023,1
GENSIS,GV80  ,RED,2023,1
GENSIS,GV80  ,WHI,2023,2
GMC   ,SIERRA,BLK,2022,1
GOLDAC,G6    ,GRN,2023,1
GRACO ,V250S ,BLU,2023,1
H DAV ,FLFBS ,BLK,2022,1
H DAV ,FLFBS ,BLK,2023,5
H DAV ,FLFBS ,BLU,2023,1
H DAV ,FLHCS ,BLK,2022,1
H DAV ,FLHCS ,BLK,2023,1
H DAV ,FLHCSB,BLU,2022,1
H DAV ,FLHRXS,MRN,2022,1
H DAV ,FLHTCU,BLK,2023,1
H DAV ,FLHTK ,BLK,2022,3
H DAV ,FLHTK ,BLU,2022,2
H DAV ,FLHTK ,GRY,2022,2
H DAV ,FLHTKA,RED,2023,1
H DAV ,FLHXS ,BLK,2022,3
H DAV ,FLHXST,BLK,2022,3
H DAV ,FLTRT ,BLK,2023,1
H DAV ,FLTRXS,BLK,2022,4
H DAV ,FLTRXS,BLU,2022,1
H DAV ,FLTRXS,BLU,2023,1
H DAV ,FLTRXS,RED,2023,1
H DAV ,FLTRXS,SIL,2023,1
H DAV ,FXBBS ,BLK,2023,2
H DAV ,FXBBS ,RED,2023,1
H DAV ,FXBR  ,BLK,2023,9
H DAV ,FXBR  ,OGE,2023,4
H DAV ,FXBR  ,SIL,2023,1
H DAV ,FXBR11,BLK,2023,1
H DAV ,FXFBS ,BLK,2022,1
H DAV ,FXFBS ,GRY,2022,1
H DAV ,FXFBS ,GRY,2023,1
H DAV ,FXFBS ,RED,2023,1
H DAV ,FXLRS ,BLK,2023,2
H DAV ,FXLRST,BLK,2023,2
H DAV ,FXLRST,BLU,2023,1
H DAV ,FXLRST,WHI,2023,1
H DAV ,RA1250,BLK,2022,2
H DAV ,RH1250,WHI,2022,1
H DAV ,RH975S,BLK,2022,1
H DAV ,STREET,GRY,2023,1
H DAV ,TOURIN,RED,2023,1
HAMM  ,HD10  ,OGE,2023,1
HAMM  ,HD10C ,OGE,2023,1
HAMM  ,HD10CV,OGE,2023,1
HAMM  ,HD12VV,OGE,2023,1
HAMM  ,ROAD  ,OGE,2022,1
HANDYM,HM16  ,YLW,2023,1
HANGCH,CPCD18,RED,2023,1
HANGCH,CPD20 ,GRN,2023,1
HANGCH,CPD35 ,GRN,2023,1
HANGCH,XTD70 ,RED,2022,1
HAVAL ,      ,BLU,2023,1
HAVAL ,CANNON,SIL,2023,1
HAVAL ,CANNON,WHI,2023,1
HAVAL ,GT    ,BLK,2022,1
HAVAL ,H6    ,BLK,2022,1
HAVAL ,H6    ,BLK,2023,73
HAVAL ,H6    ,BLU,2022,1
HAVAL ,H6    ,BLU,2023,18
HAVAL ,H6    ,GRN,2022,1
HAVAL ,H6    ,GRN,2023,10
HAVAL ,H6    ,GRY,2022,2
HAVAL ,H6    ,GRY,2023,54
HAVAL ,H6    ,MRN,2023,2
HAVAL ,H6    ,RED,2022,1
HAVAL ,H6    ,RED,2023,16
HAVAL ,H6    ,SIL,2023,1
HAVAL ,H6    ,WHI,2023,76
HAVAL ,H6 G T,BLU,2023,1
HAVAL ,H6 GT ,BLK,2023,12
HAVAL ,H6 GT ,BLU,2023,1
HAVAL ,H6 GT ,GRY,2023,5
HAVAL ,H6 GT ,MRN,2023,1
HAVAL ,H6 GT ,RED,2023,3
HAVAL ,H6 GT ,WHI,2023,1
HAVAL ,H6 HYB,BLK,2023,1
HAVAL ,H6 HYB,BLU,2022,1
HAVAL ,H6 HYB,GRN,2023,2
HAVAL ,H6 HYB,MRN,2022,2
HAVAL ,H6 HYB,RED,2023,1
HAVAL ,H6 HYB,WHI,2023,6
HAVAL ,H6 LUX,BLK,2023,1
HAVAL ,H6 LUX,BLU,2023,1
HAVAL ,H6 LUX,GRY,2023,2
HAVAL ,H6 PRE,WHI,2023,1
HAVAL ,H6 ULT,BLK,2023,1
HAVAL ,H6 ULT,BLU,2023,1
HAVAL ,H6 ULT,GRY,2023,1
HAVAL ,H6 ULT,WHI,2023,1
HAVAL ,H6GT  ,BLK,2023,7
HAVAL ,H6GT  ,BLU,2023,3
HAVAL ,H6GT  ,GRY,2023,2
HAVAL ,H6GT  ,WHI,2023,6
HAVAL ,H6ULTR,WHI,2023,1
HAVAL ,I30   ,WHI,2023,1
HAVAL ,JOLION,BLK,2023,37
HAVAL ,JOLION,BLU,2022,1
HAVAL ,JOLION,BLU,2023,36
HAVAL ,JOLION,GRN,2023,6
HAVAL ,JOLION,GRY,2023,71
HAVAL ,JOLION,RED,2023,19
HAVAL ,JOLION,SIL,2023,1
HAVAL ,JOLION,WHI,2023,109
HAVAL ,ORA   ,BLK,2023,1
HAVAL ,ORA   ,BLU,2023,1
HAVAL ,ORA 63,BLU,2023,1
HAVAL ,TANK 3,OGE,2023,1
HAVAL ,TANK30,WHI,2023,1
HINO  ,300   ,WHI,2022,2
HINO  ,300   ,WHI,2023,15
HINO  ,300 61,WHI,2023,9
HINO  ,300 71,WHI,2023,1
HINO  ,300 81,WHI,2023,1
HINO  ,300 91,BLK,2023,2
HINO  ,300 91,WHI,2022,1
HINO  ,300 91,WHI,2023,1
HINO  ,300 91,YLW,2023,1
HINO  ,300616,WHI,2023,1
HINO  ,300S  ,WHI,2023,1
HINO  ,500   ,WHI,2022,1
HINO  ,500   ,WHI,2023,14
HINO  ,500 FE,WHI,2023,1
HINO  ,500 FG,WHI,2023,1
HINO  ,500FD ,WHI,2023,2
HINO  ,500FE ,WHI,2023,4
HINO  ,500FG ,WHI,2023,1
HINO  ,616   ,WHI,2023,2
HINO  ,617 MA,WHI,2023,1
HINO  ,700   ,WHI,2022,1
HINO  ,700 SS,WHI,2023,1
HINO  ,816   ,WHI,2023,1
HINO  ,FC1124,WHI,2023,2
HINO  ,FD2A  ,WHI,2022,1
HINO  ,FE    ,WHI,2023,2
HINO  ,FL 262,WHI,2022,1
HINO  ,FL500 ,WHI,2023,1
HINO  ,FY 324,WHI,2022,1
HINO  ,GH 182,WHI,2022,1
HINO  ,XZU605,WHI,2023,1
HITACH,170W/5,OGE,2022,1
HOLAND,T6020 ,BLU,2023,1
HOLDEN,CORVET,RED,2023,1
HOLDEN,SILVER,BLK,2023,2
HONDA ,ACCORD,BLK,2023,2
HONDA ,ACCORD,GRY,2023,1
HONDA ,ACCORD,SIL,2022,1
HONDA ,ACCORD,SIL,2023,1
HONDA ,ACCORD,WHI,2023,2
HONDA ,CB125F,RED,2023,2
HONDA ,CB300N,BLU,2023,3
HONDA ,CB300N,RED,2023,3
HONDA ,CB300R,BLK,2023,3
HONDA ,CB300R,RED,2023,1
HONDA ,CB500 ,BLK,2023,1
HONDA ,CB500 ,YLW,2023,1
HONDA ,CB500R,RED,2023,1
HONDA ,CB500R,SIL,2023,1
HONDA ,CB500X,BLK,2023,6
HONDA ,CB500X,GRN,2023,1
HONDA ,CB500X,RED,2023,4
HONDA ,CB650R,BLK,2023,12
HONDA ,CB750 ,BLK,2023,1
HONDA ,CB750A,WHI,2023,1
HONDA ,CBF125,WHI,2022,2
HONDA ,CBF125,WHI,2023,1
HONDA ,CBR100,RED,2023,1
HONDA ,CBR100,WHI,2023,1
HONDA ,CBR50R,RED,2023,2
HONDA ,CBR50R,SIL,2023,1
HONDA ,CBR650,BLK,2023,5
HONDA ,CBR650,RED,2022,1
HONDA ,CBR650,RED,2023,10
HONDA ,CIVIC ,BLK,2023,3
HONDA ,CIVIC ,BLU,2023,3
HONDA ,CIVIC ,WHI,2023,17
HONDA ,CL500 ,BLU,2023,3
HONDA ,CL500 ,GRN,2023,3
HONDA ,CL500 ,OGE,2023,1
HONDA ,CL500L,BLK,2023,1
HONDA ,CMX500,BLK,2023,1
HONDA ,CMX500,BRZ,2023,1
HONDA ,CMX500,GRY,2023,1
HONDA ,CMX500,RED,2023,1
HONDA ,CMX500,SIL,2023,1
HONDA ,CRF110,WHI,2022,1
HONDA ,CRF110,WHI,2023,2
HONDA ,CRF300,RED,2022,3
HONDA ,CRF300,RED,2023,39
HONDA ,CRV   ,BLK,2023,10
HONDA ,CRV   ,BLU,2022,1
HONDA ,CRV   ,GRY,2022,1
HONDA ,CRV   ,GRY,2023,22
HONDA ,CRV   ,RED,2023,23
HONDA ,CRV   ,SIL,2022,1
HONDA ,CRV   ,SIL,2023,22
HONDA ,CRV   ,WHI,2023,34
HONDA ,CRV BL,BLK,2023,3
HONDA ,CRV BL,WHI,2023,2
HONDA ,CRV VI,GRY,2023,1
HONDA ,CRV VT,BLK,2023,2
HONDA ,CRV VT,GRY,2023,19
HONDA ,CRV VT,RED,2023,3
HONDA ,CRV VT,SIL,2023,13
HONDA ,CRV VT,WHI,2023,23
HONDA ,DIO 11,WHI,2023,1
HONDA ,GL1800,BLK,2023,1
HONDA ,HONDA ,BLU,2023,2
HONDA ,HONDA ,GRY,2023,1
HONDA ,HONDA ,WHI,2023,2
HONDA ,HONDAZ,BLU,2023,1
HONDA ,HONDAZ,GRY,2023,4
HONDA ,HONDAZ,RED,2023,4
HONDA ,HONDAZ,WHI,2023,9
HONDA ,HRV   ,BLK,2023,2
HONDA ,HRV   ,GRY,2023,3
HONDA ,HRV   ,RED,2023,1
HONDA ,HRV   ,SIL,2023,1
HONDA ,HRV   ,WHI,2023,14
HONDA ,HRV E ,WHI,2023,1
HONDA ,HRV EH,BLK,2023,2
HONDA ,HRV EH,GRY,2023,1
HONDA ,HRV EH,WHI,2023,2
HONDA ,HRV VI,BLK,2023,2
HONDA ,HRV VI,GRY,2023,1
HONDA ,HRV VI,RED,2023,2
HONDA ,HRV VI,WHI,2023,5
HONDA ,MW110 ,WHI,2023,6
HONDA ,NSC110,BLU,2022,1
HONDA ,NSC110,BLU,2023,2
HONDA ,NSC110,RED,2023,5
HONDA ,NSC110,WHI,2023,16
HONDA ,NSR250,RED,2022,1
HONDA ,NSS350,BLK,2023,1
HONDA ,NSS350,GRY,2023,1
HONDA ,NT1100,BLK,2023,1
HONDA ,NT1100,SIL,2022,1
HONDA ,PCX   ,BLU,2023,1
HONDA ,PCX   ,WHI,2023,1
HONDA ,PCX125,GRY,2023,4
HONDA ,PCX125,WHI,2023,3
HONDA ,PXC125,WHI,2023,1
HONDA ,SXS 10,BLK,2023,1
HONDA ,SXS100,RED,2023,1
HONDA ,TRX500,WHI,2023,1
HONDA ,TRX520,RED,2023,1
HONDA ,WW125 ,GRY,2023,1
HONDA ,XL750 ,BLK,2023,4
HONDA ,XL750 ,GRY,2023,2
HONDA ,XL750 ,WHI,2023,3
HONDA ,XL750P,GRY,2023,1
HONDA ,XR190C,RED,2023,1
HONDA ,ZRV   ,BLU,2023,3
HONDA ,ZRV   ,GRY,2023,9
HONDA ,ZRV   ,MRN,2023,2
HONDA ,ZRV   ,RED,2023,3
HONDA ,ZRV   ,WHI,2023,17
HONDA ,ZRV V ,BLU,2023,1
HONDA ,ZRV V ,GRY,2023,2
HONDA ,ZRV V ,MRN,2023,1
HONDA ,ZRV V ,WHI,2023,4
HONDA ,ZRV VT,BLK,2023,1
HONDA ,ZRV VT,BLU,2023,5
HONDA ,ZRV VT,GRY,2023,5
HONDA ,ZRV VT,MRN,2023,1
HONDA ,ZRV VT,RED,2023,2
HONDA ,ZRV VT,WHI,2023,5
HSQVRN,701 EN,WHI,2022,2
HSQVRN,701 EN,WHI,2023,1
HSQVRN,FE 250,WHI,2023,1
HSQVRN,FE250 ,WHI,2022,1
HSQVRN,FE350 ,WHI,2022,8
HSQVRN,FE450 ,GRY,2023,1
HSQVRN,FE450 ,WHI,2022,4
HSQVRN,FE501 ,WHI,2022,5
HSQVRN,FE501 ,WHI,2023,1
HSQVRN,NORDEN,BLU,2023,7
HSQVRN,SVARTP,BLK,2022,1
HSQVRN,SVARTP,GRY,2023,1
HSQVRN,TE150 ,WHI,2022,1
HSQVRN,TE250 ,WHI,2022,3
HSQVRN,TE300 ,BLU,2022,1
HSQVRN,TE300 ,WHI,2022,6
HSQVRN,TE300 ,WHI,2023,1
HSQVRN,TE300I,WHI,2022,1
HSQVRN,TX300 ,WHI,2023,2
HYNDAI,130   ,WHI,2023,1
HYNDAI,HL970T,OGE,2023,1
HYNDAI,HX235L,YLW,2023,1
HYNDAI,I20   ,SIL,2023,7
HYNDAI,I20   ,WHI,2023,1
HYNDAI,I30   ,BLK,2023,34
HYNDAI,I30   ,BLU,2023,31
HYNDAI,I30   ,GRY,2023,196
HYNDAI,I30   ,RED,2023,7
HYNDAI,I30   ,SIL,2023,8
HYNDAI,I30   ,TAN,2023,1
HYNDAI,I30   ,WHI,2023,200
HYNDAI,I30 HA,WHI,2023,1
HYNDAI,I30 N ,BLK,2023,1
HYNDAI,I30 N ,BLU,2023,4
HYNDAI,I30 N ,GRY,2023,1
HYNDAI,I30 N ,WHI,2023,3
HYNDAI,I30 NL,GRY,2023,1
HYNDAI,I30 SE,GRY,2023,1
HYNDAI,I30N  ,WHI,2023,1
HYNDAI,IONIQ ,BLU,2023,3
HYNDAI,IONIQ ,GRN,2023,2
HYNDAI,IONIQ ,GRY,2023,3
HYNDAI,IONIQ ,WHI,2023,1
HYNDAI,IONIQ5,BLK,2023,1
HYNDAI,IONIQ5,BLU,2023,1
HYNDAI,IONIQ5,GLD,2023,1
HYNDAI,IONIQ5,GRN,2023,1
HYNDAI,IONIQ5,WHI,2023,2
HYNDAI,IONIQ6,BLU,2023,1
HYNDAI,IONIQ6,RED,2023,1
HYNDAI,IONIQ6,WHI,2023,1
HYNDAI,KONA  ,BLK,2023,11
HYNDAI,KONA  ,BLU,2022,1
HYNDAI,KONA  ,BLU,2023,7
HYNDAI,KONA  ,GLD,2023,3
HYNDAI,KONA  ,GRN,2023,7
HYNDAI,KONA  ,GRY,2023,43
HYNDAI,KONA  ,RED,2023,35
HYNDAI,KONA  ,WHI,2023,108
HYNDAI,KONA  ,YLW,2023,3
HYNDAI,KONA E,WHI,2023,1
HYNDAI,KONA H,BLU,2022,1
HYNDAI,KONA N,BLU,2023,1
HYNDAI,KONA N,GRY,2023,2
HYNDAI,KONA N,WHI,2023,3
HYNDAI,KONA P,WHI,2023,3
HYNDAI,KONA S,GRY,2023,1
HYNDAI,KONA S,WHI,2023,1
HYNDAI,PALISA,BLK,2023,10
HYNDAI,PALISA,BLU,2023,12
HYNDAI,PALISA,GRN,2023,1
HYNDAI,PALISA,GRY,2023,10
HYNDAI,PALISA,MRN,2023,1
HYNDAI,PALISA,RED,2023,1
HYNDAI,PALISA,SIL,2023,2
HYNDAI,PALISA,WHI,2023,19
HYNDAI,SANTA ,BLK,2022,1
HYNDAI,SANTA ,BLK,2023,19
HYNDAI,SANTA ,BLU,2023,3
HYNDAI,SANTA ,GRY,2023,54
HYNDAI,SANTA ,SIL,2023,24
HYNDAI,SANTA ,WHI,2023,131
HYNDAI,SONATA,GRY,2023,1
HYNDAI,SRULWV,WHI,2023,1
HYNDAI,STARIA,BLU,2023,3
HYNDAI,STARIA,GRY,2023,3
HYNDAI,STARIA,SIL,2023,4
HYNDAI,STARIA,WHI,2023,47
HYNDAI,TUCSON,BLK,2023,46
HYNDAI,TUCSON,BLU,2023,9
HYNDAI,TUCSON,BRN,2023,1
HYNDAI,TUCSON,BRZ,2023,8
HYNDAI,TUCSON,GRY,2023,129
HYNDAI,TUCSON,RED,2023,31
HYNDAI,TUCSON,SIL,2022,1
HYNDAI,TUCSON,SIL,2023,15
HYNDAI,TUCSON,WHI,2023,175
HYNDAI,TUSCON,GRY,2023,3
HYNDAI,VENUE ,BLK,2023,4
HYNDAI,VENUE ,BLU,2023,37
HYNDAI,VENUE ,GRY,2023,25
HYNDAI,VENUE ,RED,2023,10
HYNDAI,VENUE ,SIL,2023,16
HYNDAI,VENUE ,WHI,2023,76
HYNDAI,WAGON ,GRY,2023,1
HYSTER,J1.8F ,YLW,2022,1
INDCON,KZERO ,SIL,2023,1
INDIAN,BOBBER,BLK,2022,1
INDIAN,BOBBER,OGE,2022,1
INDIAN,CHIEF ,BLK,2023,3
INDIAN,CHIEF ,GRY,2023,1
INDIAN,FTR 12,WHI,2022,1
INDIAN,FTR R ,BLK,2023,1
INDIAN,FTR S ,WHI,2022,1
INDIAN,FTR120,MRN,2022,1
INDIAN,PURSUI,BLK,2023,1
INDIAN,PURSUI,GRY,2023,1
INDIAN,PURSUI,RED,2023,2
INDIAN,ROGUE ,BLK,2022,1
INDIAN,SCOUT ,BLK,2022,2
INDIAN,SCOUT ,BLK,2023,5
INDIAN,SCOUT ,GRN,2023,1
INDIAN,SCOUT ,GRY,2023,2
INDIAN,SCOUT ,MRN,2022,1
INDIAN,SCOUT ,SIL,2022,1
INDIAN,SPORT ,BLK,2023,1
INEOS ,GRANDI,GRY,2023,1
INEOS ,GRENAD,BEI,2023,1
INEOS ,GRENAD,BLK,2023,3
INEOS ,GRENAD,BLU,2023,1
INEOS ,GRENAD,CRM,2023,3
INEOS ,GRENAD,GRN,2023,2
INEOS ,GRENAD,GRY,2023,1
INEOS ,GRENAD,RED,2023,1
INEOS ,GRENAD,SIL,2023,5
INEOS ,GRENAD,WHI,2023,4
INEOS ,GRENDA,BEI,2023,1
ISEKI ,SF370 ,BLU,2023,5
ISUZU ,D MAX ,BLK,2023,2
ISUZU ,D MAX ,BLU,2023,1
ISUZU ,D MAX ,GRY,2023,7
ISUZU ,D MAX ,OGE,2023,1
ISUZU ,D MAX ,SIL,2023,8
ISUZU ,D MAX ,WHI,2023,37
ISUZU ,DAILY ,WHI,2022,1
ISUZU ,DELIVE,WHI,2023,1
ISUZU ,DMAX  ,BLK,2023,17
ISUZU ,DMAX  ,BLU,2023,13
ISUZU ,DMAX  ,GRY,2023,111
ISUZU ,DMAX  ,OGE,2023,30
ISUZU ,DMAX  ,RED,2023,7
ISUZU ,DMAX  ,SIL,2023,46
ISUZU ,DMAX  ,WHI,2022,1
ISUZU ,DMAX  ,WHI,2023,261
ISUZU ,DMAX  ,YLW,2023,1
ISUZU ,DMAX L,BLK,2023,2
ISUZU ,DMAX L,GRY,2023,1
ISUZU ,DMAX L,WHI,2023,5
ISUZU ,DMAX S,BLU,2023,1
ISUZU ,DMAX S,GRY,2023,2
ISUZU ,DMAX S,SIL,2023,1
ISUZU ,DMAX S,WHI,2023,10
ISUZU ,DMAX X,BLK,2023,2
ISUZU ,DMAX X,BLU,2023,2
ISUZU ,DMAX X,GRY,2023,5
ISUZU ,DMAX X,OGE,2023,2
ISUZU ,DMAX X,RED,2023,2
ISUZU ,DMAX X,SIL,2023,2
ISUZU ,DMAX X,WHI,2023,5
ISUZU ,DMAZ  ,WHI,2023,1
ISUZU ,FRD   ,WHI,2023,2
ISUZU ,FRD 11,WHI,2022,1
ISUZU ,FRD 11,WHI,2023,2
ISUZU ,FRR   ,OGE,2023,2
ISUZU ,FRR   ,WHI,2022,4
ISUZU ,FRR   ,WHI,2023,9
ISUZU ,FRR 11,WHI,2022,1
ISUZU ,FRR 11,WHI,2023,8
ISUZU ,FRR110,WHI,2023,2
ISUZU ,FSD   ,WHI,2022,1
ISUZU ,FSD 14,WHI,2022,1
ISUZU ,FSR   ,WHI,2022,3
ISUZU ,FSR   ,WHI,2023,4
ISUZU ,FSR 12,WHI,2023,1
ISUZU ,FSR 14,WHI,2023,4
ISUZU ,FTR   ,WHI,2023,3
ISUZU ,FTR 15,WHI,2023,1
ISUZU ,FVD   ,WHI,2022,2
ISUZU ,FVD 16,WHI,2023,1
ISUZU ,FVL   ,WHI,2022,1
ISUZU ,FVL   ,WHI,2023,12
ISUZU ,FVL 24,WHI,2022,1
ISUZU ,FVL 24,WHI,2023,3
ISUZU ,FVL240,RED,2023,1
ISUZU ,FVR165,WHI,2023,1
ISUZU ,FVY 24,WHI,2023,1
ISUZU ,FVZ   ,WHI,2023,1
ISUZU ,FVZ 24,WHI,2023,1
ISUZU ,FXY   ,WHI,2023,1
ISUZU ,FXY 24,WHI,2023,1
ISUZU ,FYH   ,WHI,2022,1
ISUZU ,FYH   ,WHI,2023,2
ISUZU ,FYH300,WHI,2023,1
ISUZU ,FYJ   ,WHI,2022,1
ISUZU ,FYJ 30,WHI,2023,3
ISUZU ,FYJ300,WHI,2023,2
ISUZU ,MU X  ,BLK,2023,5
ISUZU ,MU X  ,BLU,2023,10
ISUZU ,MU X  ,GRY,2023,4
ISUZU ,MU X  ,RED,2023,3
ISUZU ,MU X  ,SIL,2023,14
ISUZU ,MU X  ,WHI,2023,27
ISUZU ,MUX   ,BLK,2023,27
ISUZU ,MUX   ,BLU,2023,39
ISUZU ,MUX   ,GRY,2023,49
ISUZU ,MUX   ,RED,2023,13
ISUZU ,MUX   ,SIL,2023,72
ISUZU ,MUX   ,WHI,2023,132
ISUZU ,MUX LS,BLK,2023,3
ISUZU ,MUX LS,BLU,2023,1
ISUZU ,MUX LS,GRY,2023,1
ISUZU ,MUX LS,RED,2023,2
ISUZU ,MUX LS,SIL,2023,7
ISUZU ,MUX LS,WHI,2023,7
ISUZU ,NLR   ,WHI,2023,8
ISUZU ,NLR 45,SIL,2023,1
ISUZU ,NLR 45,WHI,2023,5
ISUZU ,NLR45 ,WHI,2023,1
ISUZU ,NLS 45,WHI,2023,1
ISUZU ,NMR   ,WHI,2022,1
ISUZU ,NMR 45,WHI,2023,5
ISUZU ,NMR 60,WHI,2023,1
ISUZU ,NNR   ,BLU,2023,1
ISUZU ,NNR   ,WHI,2022,8
ISUZU ,NNR   ,WHI,2023,33
ISUZU ,NNR 45,BLU,2023,2
ISUZU ,NNR 45,WHI,2022,4
ISUZU ,NNR 45,WHI,2023,19
ISUZU ,NNR45 ,WHI,2022,1
ISUZU ,NPR   ,GRY,2023,1
ISUZU ,NPR   ,SIL,2023,1
ISUZU ,NPR   ,WHI,2022,2
ISUZU ,NPR   ,WHI,2023,10
ISUZU ,NPR 45,BEI,2023,1
ISUZU ,NPR 45,SIL,2023,2
ISUZU ,NPR 45,WHI,2023,5
ISUZU ,NPR 75,WHI,2022,1
ISUZU ,NPR 75,WHI,2023,3
ISUZU ,NPR75 ,WHI,2023,1
ISUZU ,NPS   ,WHI,2022,2
ISUZU ,NPS 75,WHI,2022,2
ISUZU ,NQR   ,GRN,2023,2
ISUZU ,NQR   ,WHI,2022,2
ISUZU ,NQR   ,WHI,2023,5
ISUZU ,NQR 80,WHI,2022,1
ISUZU ,NQR 87,WHI,2023,8
ISUZU ,OMODA ,SIL,2023,1
ISUZU ,SX CC ,WHI,2023,1
ISUZU ,WHITE ,WHI,2023,1
IVECO ,50 180,WHI,2023,1
IVECO ,ACCO  ,WHI,2022,1
IVECO ,C7544S,WHI,2023,1
IVECO ,DAILY ,GRY,2023,1
IVECO ,DAILY ,WHI,2022,10
IVECO ,DAILY ,WHI,2023,6
IVECO ,EURO  ,WHI,2022,1
IVECO ,EURO C,RED,2023,2
IVECO ,SUNLIN,WHI,2023,1
IVECO ,SWAY  ,WHI,2023,3
IVECO ,S-WAY ,WHI,2022,1
IVECO ,SWAY6W,WHI,2023,1
IVECO ,WINNEB,WHI,2022,3
IVECO ,XWAY  ,WHI,2022,1
J C B ,3CX PL,YLW,2023,1
J C B ,3CX PR,YLW,2023,1
J C B ,525 60,WHI,2023,1
J C B ,525 60,YLW,2023,1
J C B ,531 70,YLW,2023,4
J C B ,53270 ,YLW,2022,1
J C B ,53270 ,YLW,2023,1
J C B ,535 95,WHI,2023,1
J C B ,53595 ,YLW,2023,1
J C B ,54270 ,YLW,2023,2
J C B ,8330 F,YLW,2023,1
J C B ,S3170A,YLW,2023,1
J DEER,      ,GRN,2022,1
J DEER,3038E ,GRN,2022,1
J DEER,315SL ,YLW,2022,1
J DEER,412R  ,GRN,2023,1
J DEER,5065E ,GRN,2022,1
J DEER,5075E ,GRN,2023,3
J DEER,5075E ,GRY,2022,1
J DEER,5095M ,GRN,2022,3
J DEER,6100M ,GRN,2023,1
J DEER,6110M ,GRN,2022,3
J DEER,6110M ,GRN,2023,3
J DEER,6120M ,GRN,2022,2
J DEER,6120M ,GRN,2023,4
J DEER,6125M ,GRN,2023,1
J DEER,6140M ,GRN,2022,1
J DEER,6140M ,GRN,2023,1
J DEER,6155M ,GRN,2022,1
J DEER,6155MH,GRN,2022,1
J DEER,6175M ,GRN,2022,1
J DEER,6175M ,GRN,2023,1
J DEER,619M  ,GRN,2023,1
J DEER,624P  ,YLW,2022,3
J DEER,644K  ,YLW,2022,1
J DEER,672G  ,YLW,2023,1
J DEER,6L50R ,GRN,2023,1
J DEER,6M    ,GRN,2023,1
J DEER,6R185 ,GRN,2022,1
J DEER,7R230 ,GRN,2023,1
J DEER,8R280 ,GRN,2023,1
J DEER,8RX310,GRN,2023,1
J DEER,9R590 ,GRN,2023,1
J DEER,HPX615,GRN,2023,1
J DEER,S780  ,GRN,2023,1
J DEER,X9 100,GRN,2022,1
J DEER,X9 110,GRN,2022,1
J DEER,XUV835,GRN,2023,2
J DEER,XUV855,GRN,2023,1
J DEER,XUV865,GRN,2023,2
JAGUAR,EPACE ,WHI,2023,1
JAGUAR,F PACE,WHI,2023,1
JAGUAR,F TYPE,BLK,2023,1
JAGUAR,FPACE ,GRY,2023,1
JAGUAR,I PACE,BLK,2023,1
JAGUAR,XE    ,RED,2023,1
JEEP  ,COMPAS,BLK,2023,4
JEEP  ,COMPAS,BLU,2022,1
JEEP  ,COMPAS,BLU,2023,3
JEEP  ,COMPAS,GRN,2023,3
JEEP  ,COMPAS,GRY,2022,1
JEEP  ,COMPAS,GRY,2023,7
JEEP  ,COMPAS,RED,2023,1
JEEP  ,COMPAS,SIL,2023,2
JEEP  ,COMPAS,WHI,2023,8
JEEP  ,GLADIA,BLK,2022,6
JEEP  ,GLADIA,BLK,2023,2
JEEP  ,GLADIA,BLU,2022,1
JEEP  ,GLADIA,GRN,2022,2
JEEP  ,GLADIA,GRN,2023,1
JEEP  ,GLADIA,GRY,2022,6
JEEP  ,GLADIA,GRY,2023,3
JEEP  ,GLADIA,WHI,2022,6
JEEP  ,GRAND ,BLK,2023,9
JEEP  ,GRAND ,GRY,2023,5
JEEP  ,GRAND ,RED,2023,3
JEEP  ,GRAND ,SIL,2023,2
JEEP  ,GRAND ,WHI,2022,2
JEEP  ,GRAND ,WHI,2023,12
JEEP  ,WRANGL,BLK,2023,6
JEEP  ,WRANGL,BLU,2023,1
JEEP  ,WRANGL,GRN,2023,2
JEEP  ,WRANGL,GRY,2023,2
JEEP  ,WRANGL,OGE,2023,1
JEEP  ,WRANGL,PUR,2023,3
JEEP  ,WRANGL,RED,2023,2
JEEP  ,WRANGL,SIL,2023,1
JEEP  ,WRANGL,YLW,2022,1
K LONG,6911AY,WHI,2023,1
K T M ,1290 A,OGE,2023,1
K T M ,1290 S,BLK,2023,1
K T M ,1290 S,OGE,2022,1
K T M ,1290 S,SIL,2022,1
K T M ,1290 S,WHI,2023,1
K T M ,1290AD,OGE,2023,1
K T M ,1290SD,OGE,2022,2
K T M ,150EXC,OGE,2023,1
K T M ,150TPI,OGE,2022,1
K T M ,200 DU,OGE,2022,2
K T M ,200 DU,WHI,2022,1
K T M ,250 EX,OGE,2022,3
K T M ,250 EX,OGE,2023,1
K T M ,250EXC,OGE,2022,2
K T M ,300 EX,OGE,2022,3
K T M ,300 EX,OGE,2023,2
K T M ,300 XC,OGE,2023,1
K T M ,300EXC,OGE,2022,8
K T M ,300EXC,OGE,2023,4
K T M ,300EXC,WHI,2022,1
K T M ,350 EX,OGE,2022,1
K T M ,350EXC,OGE,2022,11
K T M ,350EXC,OGE,2023,1
K T M ,390 AD,BLK,2022,1
K T M ,390 AD,OGE,2023,2
K T M ,390 DU,OGE,2023,1
K T M ,390ADV,BLK,2023,2
K T M ,390ADV,OGE,2023,5
K T M ,450 EX,OGE,2022,1
K T M ,450 EX,OGE,2023,1
K T M ,450EXC,OGE,2022,2
K T M ,450EXC,OGE,2023,2
K T M ,450EXC,RED,2022,1
K T M ,450EXC,WHI,2022,2
K T M ,500 EX,OGE,2022,2
K T M ,500 EX,OGE,2023,1
K T M ,500EXC,OGE,2022,7
K T M ,500EXC,OGE,2023,2
K T M ,500EXC,WHI,2022,1
K T M ,690 EN,OGE,2022,1
K T M ,690 EN,OGE,2023,1
K T M ,690END,OGE,2022,1
K T M ,690END,OGE,2023,1
K T M ,790 AD,OGE,2023,1
K T M ,890 AD,OGE,2022,1
K T M ,890 AD,OGE,2023,7
K T M ,890ADV,BLK,2023,1
K T M ,890ADV,WHI,2023,4
K T M ,DK200 ,OGE,2022,1
K T M ,DK200 ,WHI,2022,1
K T M ,DK390 ,BLK,2023,1
K T M ,DK390 ,GRY,2023,1
K T M ,DK390 ,OGE,2023,1
K T M ,DK390 ,WHI,2022,2
K T M ,RC390 ,OGE,2023,2
KALMAR,DCG160,RED,2023,1
KATO  ,KRM20H,YLW,2023,1
KAWASA,EN450 ,GRN,2023,1
KAWASA,EN650B,BLK,2022,1
KAWASA,EN650B,BLK,2023,6
KAWASA,EN650B,GRY,2022,1
KAWASA,EN650B,GRY,2023,1
KAWASA,EN650D,GRY,2023,1
KAWASA,ER400D,BLK,2023,1
KAWASA,ER650F,BLK,2023,1
KAWASA,ER650F,GRN,2022,1
KAWASA,ER6NLA,GRY,2022,1
KAWASA,EX300B,WHI,2023,1
KAWASA,EX400G,BLK,2023,1
KAWASA,EX400G,BLU,2022,1
KAWASA,EX400G,GRN,2023,9
KAWASA,EX400G,GRY,2023,9
KAWASA,EX400G,RED,2023,1
KAWASA,EX400G,WHI,2023,3
KAWASA,EX400L,GRN,2023,1
KAWASA,EX650F,BLK,2022,1
KAWASA,EX650F,BLK,2023,1
KAWASA,EX650F,GRN,2022,2
KAWASA,EX650F,GRN,2023,2
KAWASA,EX650F,GRY,2022,1
KAWASA,KAF700,GRN,2023,2
KAWASA,KAF820,GRN,2023,2
KAWASA,KAT820,GRN,2023,1
KAWASA,KL650 ,GRY,2023,1
KAWASA,KLE650,BLK,2023,1
KAWASA,KLE650,GRY,2022,1
KAWASA,KLE650,GRY,2023,1
KAWASA,KLX   ,GRN,2023,1
KAWASA,KLX140,GRN,2023,1
KAWASA,KLX150,GRN,2023,3
KAWASA,KLX230,GRN,2022,1
KAWASA,KLX230,GRN,2023,1
KAWASA,KLX250,GRN,2023,1
KAWASA,KLX300,GRN,2023,1
KAWASA,KX250X,GRN,2023,1
KAWASA,KX450 ,GRN,2022,1
KAWASA,MULEPR,GRN,2023,1
KAWASA,ZR900 ,SIL,2022,1
KAWASA,ZR900C,BLK,2023,1
KAWASA,ZR900C,GRN,2023,1
KAWASA,ZX1000,BLK,2022,1
KAWASA,ZX6R  ,GRN,2023,1
KENWTH,K200  ,BLK,2023,1
KENWTH,K200  ,BLU,2023,1
KENWTH,K200  ,GRY,2023,1
KENWTH,K200  ,RED,2023,1
KENWTH,K200  ,WHI,2022,2
KENWTH,K200  ,WHI,2023,5
KENWTH,K220  ,WHI,2023,1
KENWTH,T360  ,WHI,2023,1
KENWTH,T360A ,AQU,2023,1
KENWTH,T360A ,GRN,2023,1
KENWTH,T360A ,WHI,2023,5
KENWTH,T360A ,YLW,2023,2
KENWTH,T410  ,BLU,2023,1
KENWTH,T410SA,GRY,2022,1
KENWTH,T410SA,SIL,2023,3
KENWTH,T410SA,WHI,2023,1
KENWTH,T610  ,WHI,2023,8
KENWTH,T610SA,BLU,2023,1
KENWTH,T610SA,RED,2022,1
KENWTH,T610SA,WHI,2023,2
KENWTH,T659  ,WHI,2022,1
KENWTH,T909  ,BLU,2023,2
KENWTH,T909  ,GRN,2023,2
KENWTH,T909  ,GRY,2023,1
KENWTH,T909  ,MRN,2023,1
KENWTH,T909  ,WHI,2023,2
KENWTH,W900SA,BLU,2022,1
KENWTH,W900SA,GRN,2022,1
KENWTH,W900SA,WHI,2022,3
KENWTH,W900SA,WHI,2023,4
KIA   ,BD CER,GRY,2023,2
KIA   ,BD CER,RED,2023,1
KIA   ,BD CER,SIL,2023,1
KIA   ,BD CER,WHI,2023,3
KIA   ,CARN  ,GRY,2023,1
KIA   ,CARNIV,BLK,2023,27
KIA   ,CARNIV,BLU,2023,49
KIA   ,CARNIV,GRY,2023,45
KIA   ,CARNIV,RED,2023,6
KIA   ,CARNIV,SIL,2023,28
KIA   ,CARNIV,WHI,2022,1
KIA   ,CARNIV,WHI,2023,104
KIA   ,CARNVI,WHI,2023,1
KIA   ,CERATO,BLK,2023,18
KIA   ,CERATO,BLU,2023,9
KIA   ,CERATO,GRY,2023,27
KIA   ,CERATO,RED,2023,15
KIA   ,CERATO,SIL,2023,6
KIA   ,CERATO,WHI,2023,34
KIA   ,EV6   ,BLK,2023,8
KIA   ,EV6   ,GRY,2023,10
KIA   ,EV6   ,RED,2023,7
KIA   ,EV6   ,SIL,2023,1
KIA   ,EV6   ,WHI,2023,19
KIA   ,EV6 GT,RED,2023,1
KIA   ,KA4 CA,WHI,2023,1
KIA   ,MQ4 SO,SIL,2023,1
KIA   ,NIRO  ,BLK,2023,1
KIA   ,NIRO  ,BLU,2023,1
KIA   ,NIRO  ,GRN,2023,2
KIA   ,NIRO  ,GRY,2023,1
KIA   ,NIRO  ,RED,2023,3
KIA   ,NIRO  ,WHI,2023,18
KIA   ,NIRO E,BLU,2023,1
KIA   ,NIRO E,GRN,2023,1
KIA   ,NIRO E,GRY,2023,1
KIA   ,NIRO E,WHI,2023,1
KIA   ,NIRO H,GRN,2023,1
KIA   ,NQ5 SP,GRY,2023,1
KIA   ,NQ5 SP,WHI,2023,1
KIA   ,PICANT,BLK,2023,54
KIA   ,PICANT,GRY,2023,96
KIA   ,PICANT,PNK,2023,1
KIA   ,PICANT,SIL,2023,23
KIA   ,PICANT,WHI,2023,121
KIA   ,PICANT,YLW,2023,8
KIA   ,QASHQA,WHI,2023,1
KIA   ,RIO   ,BLK,2023,16
KIA   ,RIO   ,BLU,2023,34
KIA   ,RIO   ,GRY,2023,34
KIA   ,RIO   ,RED,2023,20
KIA   ,RIO   ,SIL,2023,3
KIA   ,RIO   ,WHI,2023,75
KIA   ,RIO   ,YLW,2023,17
KIA   ,RIO GT,GRY,2023,2
KIA   ,RIO GT,RED,2023,2
KIA   ,RIO PE,RED,2023,1
KIA   ,RIO S ,WHI,2023,1
KIA   ,RIO SP,BLK,2023,1
KIA   ,SELTOS,BLK,2023,10
KIA   ,SELTOS,BLU,2023,23
KIA   ,SELTOS,GRY,2023,34
KIA   ,SELTOS,OGE,2023,4
KIA   ,SELTOS,WHI,2023,17
KIA   ,SG2 NI,GRY,2023,1
KIA   ,SOREN ,GRY,2023,1
KIA   ,SORENT,BLK,2023,13
KIA   ,SORENT,BLU,2023,23
KIA   ,SORENT,GRY,2023,20
KIA   ,SORENT,SIL,2023,8
KIA   ,SORENT,WHI,2023,24
KIA   ,SORREN,BLU,2023,2
KIA   ,SORREN,GRY,2023,1
KIA   ,SORREN,SIL,2022,1
KIA   ,SORRET,WHI,2022,1
KIA   ,SP0RTA,WHI,2023,1
KIA   ,SP2 SE,BLU,2023,1
KIA   ,SP2 SE,GRY,2023,1
KIA   ,SP2 SE,SIL,2023,1
KIA   ,SP2 SE,WHI,2023,2
KIA   ,SPORT ,BLK,2023,1
KIA   ,SPORTA,BLK,2023,41
KIA   ,SPORTA,BLU,2023,74
KIA   ,SPORTA,GRN,2023,15
KIA   ,SPORTA,GRY,2023,92
KIA   ,SPORTA,RED,2023,39
KIA   ,SPORTA,WHI,2023,112
KIA   ,SPTAGE,GRN,2023,1
KIA   ,STINGE,BLK,2023,4
KIA   ,STINGE,BLU,2023,3
KIA   ,STINGE,GRY,2023,6
KIA   ,STINGE,RED,2023,2
KIA   ,STINGE,WHI,2023,8
KIA   ,STONC ,GRY,2023,1
KIA   ,STONIC,BLK,2023,22
KIA   ,STONIC,BLU,2023,35
KIA   ,STONIC,GRY,2023,39
KIA   ,STONIC,RED,2023,17
KIA   ,STONIC,SIL,2023,20
KIA   ,STONIC,WHI,2023,71
KIA   ,STONIC,YLW,2023,13
KIOTI ,CK4210,OGE,2023,2
KIOTI ,DELIVE,WHI,2023,1
KIOTI ,DK4810,RED,2023,1
KIOTI ,DK5810,OGE,2023,1
KIOTI ,EX5310,OGE,2023,1
KIOTI ,EX5810,OGE,2023,2
KIOTI ,HX1401,OGE,2023,1
KIOTI ,K92400,OGE,2023,1
KIOTI ,PX1052,OGE,2022,1
KIOTI ,PX1052,OGE,2023,3
KIOTI ,PX1153,OGE,2023,3
KIOTI ,RX8030,OGE,2023,4
KOBELC,SK135 ,BLU,2023,1
KOBELC,SK25SR,GRN,2022,1
KOBELC,SK260L,BLU,2023,1
KOMATS,GD555 ,YLW,2023,1
KRAMER,KT407 ,GRN,2022,1
KTM   ,350   ,BLU,2023,1
KTM   ,350EXC,OGE,2022,1
KTM   ,EXC F ,OGE,2023,1
KUBOTA,B3150 ,OGE,2023,2
KUBOTA,BX23SL,OGE,2023,1
KUBOTA,HVX900,OGE,2023,1
KUBOTA,K0083 ,OGE,2023,2
KUBOTA,L3800 ,OGE,2023,2
KUBOTA,L3800H,OGE,2022,1
KUBOTA,L4240 ,OGE,2023,1
KUBOTA,L4600H,OGE,2022,1
KUBOTA,L5740D,OGE,2023,1
KUBOTA,M110GX,OGE,2023,2
KUBOTA,M135GX,OGE,2023,1
KUBOTA,M5101 ,OGE,2023,3
KUBOTA,M7040 ,OGE,2023,2
KUBOTA,M7040D,OGE,2023,1
KUBOTA,M7040S,OGE,2022,1
KUBOTA,M7040S,OGE,2023,1
KUBOTA,M71325,OGE,2023,1
KUBOTA,M7152S,OGE,2022,1
KUBOTA,M9540 ,OGE,2023,1
KUBOTA,M9540D,OGE,2022,1
KUBOTA,M9540D,OGE,2023,1
KUBOTA,MX5200,OGE,2023,3
KUBOTA,RTV   ,OGE,2023,3
KUBOTA,RTV X1,OGE,2023,1
KUBOTA,RTV X9,OGE,2023,9
KUBOTA,RTV520,OGE,2023,1
KUBOTA,RTVX90,OGE,2023,3
KUBOTA,SVL65 ,OGE,2023,1
KUBOTA,U25   ,OGE,2023,1
KUBOTA,U253HG,OGE,2023,1
KUBOTA,U48 4G,OGE,2023,1
KUBOTA,X1120 ,OGE,2023,1
KUBOTA,ZD1011,OGE,2023,1
KYMCO ,AGILIT,BLK,2023,7
KYMCO ,AGILIT,GRY,2023,1
KYMCO ,AGILIT,WHI,2023,4
KYMCO ,LIKE  ,WHI,2023,2
KYMCO ,LIKE 1,BLK,2023,1
KYMCO ,LIKE 1,GRY,2023,1
KYMCO ,LIKE 1,WHI,2023,1
KYMCO ,LIKE12,WHI,2023,2
KYMCO ,MXU550,BLU,2023,1
L BOSS,800D  ,OGE,2023,1
L ROV ,DEFEND,BLK,2022,1
L ROV ,DEFEND,BLK,2023,48
L ROV ,DEFEND,BLU,2023,6
L ROV ,DEFEND,BRN,2023,3
L ROV ,DEFEND,BRZ,2023,5
L ROV ,DEFEND,GRN,2022,1
L ROV ,DEFEND,GRN,2023,37
L ROV ,DEFEND,GRY,2023,31
L ROV ,DEFEND,RED,2023,1
L ROV ,DEFEND,SIL,2023,8
L ROV ,DEFEND,WHI,2023,29
L ROV ,DISCOV,BLK,2023,3
L ROV ,DISCOV,BRZ,2023,3
L ROV ,DISCOV,GRY,2023,5
L ROV ,DISCOV,SIL,2023,3
L ROV ,DISCOV,WHI,2023,4
L ROV ,EVOQUE,BLK,2023,1
L ROV ,F PACE,GRY,2023,1
L ROV ,RANGE ,BLK,2023,7
L ROV ,RANGE ,BLU,2023,2
L ROV ,RANGE ,GRY,2023,3
L ROV ,RANGE ,RED,2023,1
L ROV ,RANGE ,SIL,2023,1
L ROV ,RANGE ,WHI,2023,9
LAMB G,HURACA,WHI,2023,1
LAMB G,URUS  ,BLK,2023,1
LAMB G,URUS  ,GRY,2023,2
LAMBR ,V200  ,GRN,2023,2
LDV   ,D90   ,BLK,2023,3
LDV   ,D90   ,BLU,2022,1
LDV   ,D90   ,BLU,2023,5
LDV   ,D90   ,GRY,2022,1
LDV   ,D90   ,GRY,2023,10
LDV   ,D90   ,WHI,2023,36
LDV   ,D90 4X,BLU,2023,2
LDV   ,D90 4X,WHI,2023,2
LDV   ,D90 EX,GRY,2023,2
LDV   ,D90 EX,WHI,2023,2
LDV   ,DEL 9 ,WHI,2023,4
LDV   ,DEL9  ,WHI,2023,1
LDV   ,DELIVE,BLU,2023,2
LDV   ,DELIVE,WHI,2022,1
LDV   ,DELIVE,WHI,2023,46
LDV   ,DL9   ,WHI,2023,3
LDV   ,EDELIV,WHI,2023,1
LDV   ,G10   ,BLK,2023,3
LDV   ,G10   ,WHI,2023,56
LDV   ,G10 PL,WHI,2023,19
LDV   ,G10+CA,WHI,2023,1
LDV   ,MIFA  ,BLK,2023,1
LDV   ,MIFA  ,GRY,2023,5
LDV   ,MIFA  ,WHI,2023,1
LDV   ,MIFA E,GRY,2023,1
LDV   ,MIFA E,WHI,2023,1
LDV   ,MIFA L,WHI,2023,1
LDV   ,T60   ,BLK,2022,1
LDV   ,T60   ,BLK,2023,11
LDV   ,T60   ,BLU,2023,13
LDV   ,T60   ,GRY,2023,20
LDV   ,T60   ,OGE,2023,6
LDV   ,T60   ,WHI,2022,3
LDV   ,T60   ,WHI,2023,35
LDV   ,T60 DO,GRY,2023,1
LDV   ,T60 DO,WHI,2023,1
LDV   ,T60 MA,BLK,2023,2
LDV   ,T60 MA,BLU,2023,5
LDV   ,T60 MA,GRY,2023,4
LDV   ,T60 MA,OGE,2023,7
LDV   ,T60 MA,WHI,2023,9
LDV   ,T60 PR,WHI,2023,1
LDV   ,V80   ,WHI,2023,3
LEXUS ,ES250 ,BLK,2023,2
LEXUS ,ES250 ,GRY,2023,1
LEXUS ,ES250 ,SIL,2023,3
LEXUS ,ES250 ,WHI,2023,2
LEXUS ,ES300H,BLK,2023,9
LEXUS ,ES300H,BLU,2023,1
LEXUS ,ES300H,GRY,2023,2
LEXUS ,ES300H,RED,2023,1
LEXUS ,ES300H,SIL,2023,11
LEXUS ,ES300H,WHI,2023,1
LEXUS ,LC500 ,YLW,2023,1
LEXUS ,LS500H,BLK,2023,1
LEXUS ,LX500D,BLK,2022,1
LEXUS ,LX500D,BLK,2023,3
LEXUS ,LX500D,SIL,2023,2
LEXUS ,LX500D,WHI,2023,1
LEXUS ,LX600 ,BLK,2023,6
LEXUS ,LX600 ,GRY,2023,2
LEXUS ,LX600 ,SIL,2023,2
LEXUS ,LX600 ,WHI,2023,4
LEXUS ,NX 350,WHI,2023,1
LEXUS ,NX250 ,BLK,2023,11
LEXUS ,NX250 ,GRN,2023,2
LEXUS ,NX250 ,GRY,2023,10
LEXUS ,NX250 ,KHA,2023,3
LEXUS ,NX250 ,RED,2023,1
LEXUS ,NX250 ,SIL,2023,12
LEXUS ,NX250 ,WHI,2023,16
LEXUS ,NX350 ,BLK,2023,8
LEXUS ,NX350 ,BLU,2023,3
LEXUS ,NX350 ,GRN,2023,3
LEXUS ,NX350 ,GRY,2023,6
LEXUS ,NX350 ,KHA,2023,3
LEXUS ,NX350 ,SIL,2023,12
LEXUS ,NX350 ,WHI,2023,17
LEXUS ,NX350H,BLK,2023,1
LEXUS ,NX350H,GRY,2023,8
LEXUS ,NX350H,KHA,2023,1
LEXUS ,NX350H,RED,2023,2
LEXUS ,NX350H,SIL,2023,10
LEXUS ,NX350H,WHI,2023,15
LEXUS ,NX450H,BLK,2023,5
LEXUS ,NX450H,BLU,2023,1
LEXUS ,NX450H,GRY,2023,6
LEXUS ,NX450H,SIL,2023,3
LEXUS ,NX450H,WHI,2023,5
LEXUS ,RX350 ,BLK,2023,1
LEXUS ,RX350 ,BLU,2023,1
LEXUS ,RX350 ,SIL,2023,1
LEXUS ,RX350 ,WHI,2023,3
LEXUS ,RX350H,BLK,2023,4
LEXUS ,RX350H,BLU,2023,2
LEXUS ,RX350H,GRY,2023,3
LEXUS ,RX350H,KHA,2023,1
LEXUS ,RX350H,SIL,2023,12
LEXUS ,RX350H,WHI,2023,6
LEXUS ,RX500H,BLK,2023,3
LEXUS ,RX500H,WHI,2023,8
LEXUS ,RZ450E,BLK,2023,1
LEXUS ,RZ450E,WHI,2023,2
LEXUS ,UX200 ,BLK,2023,2
LEXUS ,UX200 ,GRN,2023,1
LEXUS ,UX200 ,GRY,2023,3
LEXUS ,UX200 ,KHA,2023,2
LEXUS ,UX200 ,SIL,2023,3
LEXUS ,UX200 ,WHI,2023,4
LEXUS ,UX250H,BLK,2023,2
LEXUS ,UX250H,BLU,2023,1
LEXUS ,UX250H,GRN,2023,2
LEXUS ,UX250H,GRY,2023,9
LEXUS ,UX250H,OGE,2023,1
LEXUS ,UX250H,RED,2023,1
LEXUS ,UX250H,SIL,2023,16
LEXUS ,UX250H,WHI,2023,8
LEXUS ,UX300E,RED,2023,1
LIEBHR,LTM106,WHI,2023,1
LIEBHR,LTM106,YLW,2023,1
LIEBHR,LTM112,GRN,2023,1
LIEBHR,LTMALT,YLW,2023,1
LOADMC,825   ,RED,2023,1
LOTUS ,EMIRA ,GRN,2023,1
LOTUS ,EMIRA ,GRY,2023,1
LOVOL ,      ,BLU,2023,1
LOVOL ,TB704 ,BLU,2023,1
M A N ,TGS 26,WHI,2023,3
M G   ,3     ,SIL,2023,1
M G   ,3 EXCI,WHI,2023,1
M G   ,5 ESSE,BLU,2023,1
M G   ,5 VIBE,RED,2023,1
M G   ,CORE  ,BLK,2023,2
M G   ,CORE  ,BLU,2023,1
M G   ,CORE  ,OGE,2023,1
M G   ,CORE  ,RED,2023,1
M G   ,CORE  ,SIL,2023,3
M G   ,CORE  ,WHI,2023,3
M G   ,ESSENC,BLK,2023,1
M G   ,ESSENC,RED,2023,1
M G   ,ESSENC,SIL,2023,2
M G   ,ESSENC,WHI,2023,4
M G   ,EV ESS,RED,2023,1
M G   ,EV ESS,SIL,2023,2
M G   ,EV ESS,WHI,2023,2
M G   ,EV EXC,BLK,2023,1
M G   ,EV EXC,RED,2023,1
M G   ,EXCITE,BLK,2023,4
M G   ,EXCITE,BLU,2023,3
M G   ,EXCITE,OGE,2023,1
M G   ,EXCITE,RED,2023,2
M G   ,EXCITE,SIL,2023,2
M G   ,EXCITE,WHI,2023,49
M G   ,HS    ,BLK,2023,14
M G   ,HS    ,RED,2022,1
M G   ,HS    ,RED,2023,11
M G   ,HS    ,SIL,2022,1
M G   ,HS    ,SIL,2023,8
M G   ,HS    ,WHI,2022,1
M G   ,HS    ,WHI,2023,71
M G   ,HS ESS,BLK,2022,1
M G   ,HS ESS,BLK,2023,1
M G   ,HS ESS,BLU,2023,1
M G   ,HS ESS,RED,2023,1
M G   ,HS ESS,SIL,2022,1
M G   ,HS ESS,SIL,2023,5
M G   ,HS ESS,WHI,2022,1
M G   ,HS ESS,WHI,2023,4
M G   ,HS EV ,BLK,2023,2
M G   ,HS EV ,RED,2023,2
M G   ,HS EV ,WHI,2023,10
M G   ,HS EXC,BLU,2023,2
M G   ,HS EXC,SIL,2023,2
M G   ,HS EXC,WHI,2023,4
M G   ,HS PLU,BLK,2022,2
M G   ,HS PLU,RED,2023,1
M G   ,HS PLU,SIL,2022,2
M G   ,HS PLU,SIL,2023,2
M G   ,HS PLU,WHI,2023,6
M G   ,HS VIB,BLK,2023,2
M G   ,HS VIB,BLU,2023,2
M G   ,HS VIB,SIL,2023,4
M G   ,HS VIB,WHI,2023,11
M G   ,MG ZS ,WHI,2023,1
M G   ,MG3   ,BLK,2023,8
M G   ,MG3   ,BLU,2023,9
M G   ,MG3   ,SIL,2022,1
M G   ,MG3   ,SIL,2023,11
M G   ,MG3   ,WHI,2023,33
M G   ,MG3 CO,BLK,2023,12
M G   ,MG3 CO,BLU,2023,8
M G   ,MG3 CO,SIL,2022,4
M G   ,MG3 CO,SIL,2023,12
M G   ,MG3 CO,WHI,2023,34
M G   ,MG3 CO,YLW,2023,2
M G   ,MG3 EX,BLK,2023,5
M G   ,MG3 EX,BLU,2023,1
M G   ,MG3 EX,SIL,2023,7
M G   ,MG3 EX,WHI,2023,5
M G   ,MG5   ,BLU,2023,1
M G   ,MG5   ,GRY,2023,3
M G   ,MG5   ,RED,2023,2
M G   ,MG5   ,WHI,2023,3
M G   ,MG5   ,YLW,2023,3
M G   ,MG5 ES,BLK,2023,1
M G   ,MG5 ES,BLU,2023,1
M G   ,MG5 ES,WHI,2023,1
M G   ,MG5 ES,YLW,2023,1
M G   ,MG5 LU,GRY,2023,1
M G   ,MG5 VI,BLK,2023,1
M G   ,MG5 VI,BLU,2023,1
M G   ,MG5 VI,GRY,2023,3
M G   ,MG5 VI,RED,2023,2
M G   ,MG5 VI,YLW,2023,2
M G   ,MGHS E,WHI,2023,8
M G   ,MGHS P,WHI,2023,1
M G   ,MGZS E,BLK,2023,1
M G   ,MGZS E,BLU,2023,4
M G   ,MGZS E,RED,2023,3
M G   ,MGZS E,SIL,2023,2
M G   ,MGZS E,WHI,2023,3
M G   ,MGZS V,BLU,2023,1
M G   ,MGZST ,BLK,2023,2
M G   ,MGZST ,OGE,2023,4
M G   ,MGZST ,RED,2023,2
M G   ,MGZST ,WHI,2023,6
M G   ,MUX LS,WHI,2023,1
M G   ,VIBE  ,BLK,2023,1
M G   ,VIBE  ,BLU,2023,2
M G   ,VIBE  ,OGE,2023,1
M G   ,VIBE  ,SIL,2023,1
M G   ,VIBE  ,WHI,2023,5
M G   ,ZR EXC,BLK,2023,1
M G   ,ZS    ,BLK,2023,43
M G   ,ZS    ,BLU,2023,21
M G   ,ZS    ,RED,2023,23
M G   ,ZS    ,SIL,2023,18
M G   ,ZS    ,WHI,2023,269
M G   ,ZS COR,BLU,2023,1
M G   ,ZS COR,SIL,2023,1
M G   ,ZS EV ,BLK,2023,5
M G   ,ZS EV ,BLU,2023,4
M G   ,ZS EV ,RED,2023,3
M G   ,ZS EV ,SIL,2023,3
M G   ,ZS EV ,WHI,2022,2
M G   ,ZS EV ,WHI,2023,12
M G   ,ZS EXC,BLK,2023,36
M G   ,ZS EXC,BLU,2023,29
M G   ,ZS EXC,RED,2023,20
M G   ,ZS EXC,SIL,2023,7
M G   ,ZS EXC,WHI,2023,176
M G   ,ZS T E,BLU,2023,1
M G   ,ZS VIB,BLK,2023,2
M G   ,ZS VIB,OGE,2023,1
M G   ,ZS ZST,RED,2023,1
M G   ,ZS ZST,WHI,2023,1
M G   ,ZS4AT ,RED,2023,1
M G   ,ZSEV  ,WHI,2023,1
M G   ,ZSR EX,WHI,2023,1
M G   ,ZST   ,BLK,2023,31
M G   ,ZST   ,BLU,2023,22
M G   ,ZST   ,OGE,2023,19
M G   ,ZST   ,RED,2023,29
M G   ,ZST   ,SIL,2023,19
M G   ,ZST   ,WHI,2023,52
M G   ,ZST CO,BLK,2023,11
M G   ,ZST CO,BLU,2023,10
M G   ,ZST CO,OGE,2023,3
M G   ,ZST CO,RED,2023,10
M G   ,ZST CO,SIL,2023,5
M G   ,ZST CO,WHI,2023,31
M G   ,ZST ES,BLK,2023,3
M G   ,ZST ES,OGE,2023,1
M G   ,ZST ES,RED,2022,1
M G   ,ZST ES,RED,2023,11
M G   ,ZST ES,SIL,2023,11
M G   ,ZST ES,WHI,2023,8
M G   ,ZST EX,BLK,2023,2
M G   ,ZST EX,OGE,2023,6
M G   ,ZST EX,RED,2022,1
M G   ,ZST EX,RED,2023,2
M G   ,ZST EX,SIL,2023,4
M G   ,ZST EX,WHI,2023,4
M G   ,ZST VI,BLK,2023,12
M G   ,ZST VI,BLU,2023,14
M G   ,ZST VI,OGE,2023,5
M G   ,ZST VI,RED,2023,12
M G   ,ZST VI,SIL,2023,10
M G   ,ZST VI,WHI,2023,18
M G   ,ZSTCVT,BLK,2023,1
M G   ,ZSTVIB,RED,2023,1
M GUZZ,V100 M,GRN,2023,1
M GUZZ,V100 M,WHI,2023,1
M GUZZ,V100 S,GRN,2023,4
M GUZZ,V100 S,GRY,2023,1
M GUZZ,V7 SPE,BLK,2023,1
M GUZZ,V7 SPE,BLU,2023,1
MACDON,M1240 ,RED,2022,1
MACK  ,ANTHEM,SIL,2022,1
MACK  ,ANTHEM,WHI,2023,1
MACK  ,METROL,WHI,2023,4
MACK  ,SUPERL,WHI,2023,2
MACK  ,TRIDEN,WHI,2022,1
MACRO ,M MAC ,BLK,2023,1
MAGNI ,RTH6.2,BLK,2023,1
MAGNI ,RTH726,RED,2022,1
MAGNI ,TH5519,WHI,2023,1
MAGNI ,TH6.10,WHI,2023,1
MAGNI ,TH6.20,RED,2023,1
MAHIND,3650  ,RED,2023,1
MAHIND,S11   ,SIL,2022,1
MAHIND,SCORP ,RED,2023,1
MAHIND,SCORP ,SIL,2023,1
MAHIND,SCORPI,SIL,2023,3
MAHIND,SCORPI,WHI,2023,2
MAHIND,XU700 ,BLK,2023,1
MAHIND,XUV700,BLK,2023,1
MAHIND,XUV700,BLU,2023,2
MAHIND,XUV700,RED,2023,1
MAHIND,XUV700,SIL,2023,3
MAHIND,XUV700,WHI,2023,5
MANITO,MCX254,RED,2023,1
MANITO,MIX70D,RED,2023,1
MANITO,MLT 62,RED,2023,1
MANITO,MTX625,OGE,2023,1
MANITO,S2    ,RED,2023,2
MANITO,T HAND,WHI,2023,1
MANITO,TH6030,RED,2023,1
MANITO,TMTX25,RED,2023,1
MASER ,GHIBLI,BLK,2022,1
MASER ,GHIBLI,GRY,2023,1
MASER ,GRECAL,BLK,2023,3
MASER ,GRECAL,WHI,2023,5
MASER ,LEVANT,BLK,2023,1
MASER ,LEVANT,BLU,2023,1
MASER ,LEVANT,WHI,2023,1
MASS F,1835  ,RED,2023,1
MASS F,4709  ,RED,2023,1
MASS F,5710  ,RED,2023,2
MASS F,5713  ,RED,2023,1
MASS F,6713  ,RED,2023,1
MASS F,7614  ,RED,2023,1
MASS F,8S205 ,RED,2023,1
MASS F,MF4707,RED,2022,1
MASS F,MF7565,RED,2023,1
MASS F,SS125 ,RED,2023,1
MATHEU,CX5   ,GRY,2023,1
MAZDA ,2     ,BEI,2023,1
MAZDA ,2     ,BLK,2023,8
MAZDA ,2     ,BLU,2023,3
MAZDA ,2     ,GRY,2023,9
MAZDA ,2     ,RED,2023,10
MAZDA ,2     ,SIL,2023,3
MAZDA ,2     ,WHI,2023,8
MAZDA ,2 PURE,GRY,2023,1
MAZDA ,3     ,BEI,2023,1
MAZDA ,3     ,BLK,2023,18
MAZDA ,3     ,BLU,2023,23
MAZDA ,3     ,FWN,2023,1
MAZDA ,3     ,GLD,2023,1
MAZDA ,3     ,GRY,2022,1
MAZDA ,3     ,GRY,2023,31
MAZDA ,3     ,RED,2023,15
MAZDA ,3     ,SIL,2023,7
MAZDA ,3     ,WHI,2023,30
MAZDA ,3 ASTI,WHI,2023,1
MAZDA ,3 G20 ,RED,2023,1
MAZDA ,3 G25 ,BLK,2023,1
MAZDA ,3 HATC,RED,2023,1
MAZDA ,6     ,BLK,2022,2
MAZDA ,6     ,BLK,2023,3
MAZDA ,6     ,BLU,2023,2
MAZDA ,6     ,CRM,2023,1
MAZDA ,6     ,GRY,2023,3
MAZDA ,6     ,RED,2023,4
MAZDA ,6     ,SIL,2023,3
MAZDA ,6     ,WHI,2022,1
MAZDA ,6     ,WHI,2023,6
MAZDA ,6 TOUR,GRY,2023,1
MAZDA ,B30   ,WHI,2023,2
MAZDA ,BT 50 ,GRY,2023,1
MAZDA ,BT 50 ,RED,2023,2
MAZDA ,BT 50 ,WHI,2023,11
MAZDA ,BT050 ,BLK,2022,1
MAZDA ,BT50  ,BLK,2022,1
MAZDA ,BT50  ,BLK,2023,10
MAZDA ,BT50  ,BLU,2023,5
MAZDA ,BT50  ,GRY,2022,5
MAZDA ,BT50  ,GRY,2023,39
MAZDA ,BT50  ,RED,2023,5
MAZDA ,BT50  ,SIL,2023,19
MAZDA ,BT50  ,WHI,2022,1
MAZDA ,BT50  ,WHI,2023,127
MAZDA ,BT50 X,GRY,2023,1
MAZDA ,BT50 X,WHI,2023,10
MAZDA ,C30   ,GRY,2023,1
MAZDA ,C60   ,RED,2023,1
MAZDA ,CX 3  ,BLK,2023,1
MAZDA ,CX 3  ,WHI,2023,2
MAZDA ,CX 3 M,WHI,2023,1
MAZDA ,CX 3 S,GRY,2023,1
MAZDA ,CX 30 ,BEI,2023,1
MAZDA ,CX 30 ,GLD,2023,1
MAZDA ,CX 30 ,GRY,2023,1
MAZDA ,CX 30 ,SIL,2023,1
MAZDA ,CX 30 ,WHI,2023,8
MAZDA ,CX 5  ,GRY,2023,1
MAZDA ,CX 5  ,SIL,2023,7
MAZDA ,CX 5  ,WHI,2023,3
MAZDA ,CX 5 A,WHI,2023,1
MAZDA ,CX 5 G,GRY,2023,1
MAZDA ,CX 5 G,RED,2023,1
MAZDA ,CX 5 M,BEI,2023,1
MAZDA ,CX 5 M,GRY,2023,1
MAZDA ,CX 5 M,WHI,2023,1
MAZDA ,CX 60 ,RED,2023,1
MAZDA ,CX 60 ,WHI,2023,4
MAZDA ,CX 8  ,BLU,2023,1
MAZDA ,CX 8  ,GRY,2023,1
MAZDA ,CX 8  ,WHI,2023,5
MAZDA ,CX3   ,BEI,2023,14
MAZDA ,CX3   ,BLK,2023,45
MAZDA ,CX3   ,CRM,2023,5
MAZDA ,CX3   ,FWN,2023,8
MAZDA ,CX3   ,GLD,2023,6
MAZDA ,CX3   ,GRY,2023,66
MAZDA ,CX3   ,RED,2023,46
MAZDA ,CX3   ,SIL,2023,8
MAZDA ,CX3   ,WHI,2023,104
MAZDA ,CX3 AK,GRY,2023,1
MAZDA ,CX3 MA,GRY,2023,3
MAZDA ,CX3 MA,RED,2023,1
MAZDA ,CX3 MA,WHI,2023,3
MAZDA ,CX3 ST,BLK,2023,1
MAZDA ,CX3 ST,GRY,2023,1
MAZDA ,CX3 ST,RED,2023,1
MAZDA ,CX3 ST,WHI,2023,1
MAZDA ,CX30  ,BEI,2023,6
MAZDA ,CX30  ,BLK,2023,24
MAZDA ,CX30  ,BLU,2023,36
MAZDA ,CX30  ,BRZ,2023,1
MAZDA ,CX30  ,FWN,2023,4
MAZDA ,CX30  ,GLD,2023,10
MAZDA ,CX30  ,GRY,2023,50
MAZDA ,CX30  ,RED,2023,36
MAZDA ,CX30  ,SIL,2023,20
MAZDA ,CX30  ,WHI,2022,1
MAZDA ,CX30  ,WHI,2023,85
MAZDA ,CX30 E,RED,2023,1
MAZDA ,CX30 G,BEI,2023,1
MAZDA ,CX30 G,BLK,2023,2
MAZDA ,CX30 G,CRM,2023,3
MAZDA ,CX30 G,GRY,2023,1
MAZDA ,CX30 G,RED,2023,2
MAZDA ,CX30 G,SIL,2023,1
MAZDA ,CX30 G,WHI,2023,2
MAZDA ,CX30 P,RED,2023,1
MAZDA ,CX5   ,BEI,2023,2
MAZDA ,CX5   ,BLK,2022,1
MAZDA ,CX5   ,BLK,2023,52
MAZDA ,CX5   ,BLU,2023,89
MAZDA ,CX5   ,FWN,2023,1
MAZDA ,CX5   ,GRY,2023,84
MAZDA ,CX5   ,KHA,2023,4
MAZDA ,CX5   ,RED,2022,2
MAZDA ,CX5   ,RED,2023,53
MAZDA ,CX5   ,SIL,2023,51
MAZDA ,CX5   ,WHI,2023,95
MAZDA ,CX5 AK,BLU,2023,1
MAZDA ,CX5 AK,GRY,2023,1
MAZDA ,CX5 AK,RED,2023,1
MAZDA ,CX5 AK,SIL,2023,1
MAZDA ,CX5 AK,WHI,2023,2
MAZDA ,CX5 G2,BLU,2023,2
MAZDA ,CX5 G2,WHI,2023,2
MAZDA ,CX5 G3,BLK,2023,1
MAZDA ,CX5 G3,BLU,2023,1
MAZDA ,CX5 G3,GRY,2023,1
MAZDA ,CX5 G3,RED,2023,1
MAZDA ,CX5 GT,BLU,2023,1
MAZDA ,CX5 GT,WHI,2023,2
MAZDA ,CX5 MA,BLK,2023,2
MAZDA ,CX5 MA,BLU,2023,1
MAZDA ,CX5 MA,GLD,2023,1
MAZDA ,CX5 MA,WHI,2023,2
MAZDA ,CX60  ,BEI,2023,8
MAZDA ,CX60  ,BLK,2023,20
MAZDA ,CX60  ,BLU,2023,15
MAZDA ,CX60  ,FWN,2023,1
MAZDA ,CX60  ,GLD,2023,6
MAZDA ,CX60  ,GRY,2023,28
MAZDA ,CX60  ,RED,2023,25
MAZDA ,CX60  ,SIL,2023,22
MAZDA ,CX60  ,WHI,2023,60
MAZDA ,CX60 D,SIL,2023,1
MAZDA ,CX60 G,BEI,2023,1
MAZDA ,CX60 G,GRY,2023,1
MAZDA ,CX60 G,RED,2023,2
MAZDA ,CX60 G,WHI,2023,1
MAZDA ,CX60 P,WHI,2023,1
MAZDA ,CX8   ,BEI,2023,1
MAZDA ,CX8   ,BLK,2023,12
MAZDA ,CX8   ,BLU,2023,11
MAZDA ,CX8   ,GLD,2023,2
MAZDA ,CX8   ,GRY,2023,25
MAZDA ,CX8   ,RED,2023,7
MAZDA ,CX8   ,WHI,2022,1
MAZDA ,CX8   ,WHI,2023,23
MAZDA ,CX8 AS,BRN,2023,1
MAZDA ,CX8 AS,GRY,2023,1
MAZDA ,CX8 D3,BLU,2023,2
MAZDA ,CX8 TO,GRY,2023,1
MAZDA ,CX9   ,BLK,2022,3
MAZDA ,CX9   ,BLK,2023,15
MAZDA ,CX9   ,BLU,2022,1
MAZDA ,CX9   ,BLU,2023,16
MAZDA ,CX9   ,BRZ,2023,1
MAZDA ,CX9   ,GRY,2022,1
MAZDA ,CX9   ,GRY,2023,24
MAZDA ,CX9   ,RED,2022,1
MAZDA ,CX9   ,RED,2023,5
MAZDA ,CX9   ,SIL,2023,5
MAZDA ,CX9   ,WHI,2022,1
MAZDA ,CX9   ,WHI,2023,25
MAZDA ,CX9 GT,BLK,2023,1
MAZDA ,CX9 TO,GRY,2023,1
MAZDA ,CX90  ,BLU,2023,3
MAZDA ,CX90  ,GLD,2023,1
MAZDA ,CX90  ,GRY,2023,5
MAZDA ,CX90  ,RED,2023,7
MAZDA ,CX90  ,WHI,2023,1
MAZDA ,GREY  ,GRY,2023,1
MAZDA ,M3 TOU,WHI,2023,1
MAZDA ,MAZDA ,BLK,2023,2
MAZDA ,MAZDA ,BLU,2023,4
MAZDA ,MAZDA ,GRY,2023,3
MAZDA ,MAZDA ,RED,2023,4
MAZDA ,MAZDA ,SIL,2023,2
MAZDA ,MAZDA ,WHI,2023,4
MAZDA ,MAZDA2,BLK,2023,5
MAZDA ,MAZDA2,BLU,2023,3
MAZDA ,MAZDA2,GRY,2023,7
MAZDA ,MAZDA2,RED,2023,3
MAZDA ,MAZDA2,SIL,2023,2
MAZDA ,MAZDA2,WHI,2023,3
MAZDA ,MAZDA3,BEI,2023,2
MAZDA ,MAZDA3,BLK,2023,2
MAZDA ,MAZDA3,BLU,2023,5
MAZDA ,MAZDA3,GLD,2023,2
MAZDA ,MAZDA3,GRY,2023,9
MAZDA ,MAZDA3,RED,2023,2
MAZDA ,MAZDA3,SIL,2023,1
MAZDA ,MAZDA3,WHI,2023,4
MAZDA ,MAZDA6,SIL,2023,1
MAZDA ,MX 30 ,GRY,2023,1
MAZDA ,MX30  ,BLK,2023,3
MAZDA ,MX30  ,GRY,2023,6
MAZDA ,MX30  ,RED,2023,5
MAZDA ,MX30  ,SIL,2023,1
MAZDA ,MX30  ,WHI,2023,4
MAZDA ,MX5   ,GLD,2023,1
MAZDA ,MX5   ,RED,2023,4
MC LRN,ARTURA,OGE,2023,1
MCCOR ,GMAX  ,RED,2022,1
MCCOR ,SMAX90,RED,2023,1
MCCOR ,X7660A,RED,2023,1
MERC B,0500RF,WHI,2023,3
MERC B,0500RS,WHI,2023,1
MERC B,317   ,WHI,2023,38
MERC B,415 SP,WHI,2023,1
MERC B,419 SP,WHI,2023,1
MERC B,A 200 ,BLK,2023,1
MERC B,A 200 ,SIL,2023,1
MERC B,A 200 ,WHI,2023,3
MERC B,A 250 ,SIL,2023,1
MERC B,A 35  ,SIL,2023,1
MERC B,A 35  ,WHI,2023,1
MERC B,A 45  ,SIL,2023,1
MERC B,A180  ,BLK,2023,4
MERC B,A180  ,BLU,2023,4
MERC B,A180  ,RED,2023,1
MERC B,A180  ,SIL,2023,1
MERC B,A180  ,WHI,2023,14
MERC B,A180  ,YLW,2023,6
MERC B,A200  ,BLK,2023,2
MERC B,A200  ,GRY,2023,2
MERC B,A200  ,SIL,2023,2
MERC B,A200  ,WHI,2023,3
MERC B,A250  ,BLK,2023,4
MERC B,A250  ,GRY,2023,1
MERC B,A250  ,SIL,2022,1
MERC B,A250  ,SIL,2023,3
MERC B,A250  ,WHI,2023,4
MERC B,A35   ,BLK,2023,3
MERC B,A35   ,GRY,2023,1
MERC B,A35   ,RED,2023,1
MERC B,A35   ,SIL,2023,2
MERC B,A35   ,WHI,2022,1
MERC B,A35   ,WHI,2023,8
MERC B,A35 AM,RED,2023,1
MERC B,A45   ,BLK,2023,8
MERC B,A45   ,GRY,2023,1
MERC B,A45   ,SIL,2023,2
MERC B,A45   ,WHI,2023,4
MERC B,A45 S ,GRY,2023,2
MERC B,A45S  ,GRY,2023,1
MERC B,A45S  ,WHI,2023,1
MERC B,ACROSS,WHI,2023,1
MERC B,ACTOS ,WHI,2023,1
MERC B,ACTROS,RED,2023,1
MERC B,ACTROS,WHI,2023,24
MERC B,ALL TE,GRY,2023,3
MERC B,B 180 ,BLK,2023,1
MERC B,C 200 ,BLU,2023,2
MERC B,C 200 ,WHI,2022,1
MERC B,C 200 ,WHI,2023,1
MERC B,C 300 ,GRY,2023,3
MERC B,C 300 ,SIL,2022,1
MERC B,C 300 ,SIL,2023,1
MERC B,C 43  ,WHI,2023,1
MERC B,C 63  ,BLK,2023,2
MERC B,C 63  ,GRY,2023,2
MERC B,C CLAS,BLU,2023,1
MERC B,C200  ,BLK,2023,5
MERC B,C200  ,BLU,2022,1
MERC B,C200  ,GRY,2023,33
MERC B,C200  ,RED,2023,2
MERC B,C200  ,SIL,2022,1
MERC B,C200  ,SIL,2023,20
MERC B,C200  ,WHI,2023,11
MERC B,C300  ,BLK,2023,9
MERC B,C300  ,BLU,2022,1
MERC B,C300  ,BLU,2023,4
MERC B,C300  ,GLD,2022,1
MERC B,C300  ,GRY,2023,4
MERC B,C300  ,SIL,2023,4
MERC B,C300  ,WHI,2023,5
MERC B,C300CA,GRY,2022,1
MERC B,C43   ,BLU,2023,1
MERC B,C43   ,GRY,2023,3
MERC B,C43   ,WHI,2023,1
MERC B,C43 AM,BLK,2023,1
MERC B,C63   ,BLK,2023,8
MERC B,C63   ,BLU,2023,1
MERC B,C63   ,GRY,2023,7
MERC B,C63CPE,BLK,2023,1
MERC B,C63CPE,SIL,2023,1
MERC B,C63S  ,BLK,2023,1
MERC B,C63S  ,GRY,2023,2
MERC B,CLA 20,BLU,2023,1
MERC B,CLA 25,GRY,2023,1
MERC B,CLA 25,WHI,2023,2
MERC B,CLA200,GRY,2023,1
MERC B,CLA250,BLK,2023,3
MERC B,CLA250,BLU,2023,1
MERC B,CLA250,RED,2023,1
MERC B,CLA250,SIL,2023,1
MERC B,CLA250,WHI,2022,2
MERC B,CLA35 ,BLK,2023,1
MERC B,CLA35 ,WHI,2023,1
MERC B,CLA45 ,BLK,2023,1
MERC B,CLA45 ,WHI,2023,2
MERC B,CONQUE,WHI,2023,2
MERC B,E 200 ,GRY,2023,1
MERC B,E200  ,BLK,2023,2
MERC B,E200  ,GRY,2023,5
MERC B,E200  ,WHI,2023,1
MERC B,E300CP,BLK,2023,1
MERC B,E350  ,GRN,2023,1
MERC B,E350  ,GRY,2023,1
MERC B,E63S A,BLK,2023,3
MERC B,EQA250,BLK,2023,1
MERC B,EQA250,BLU,2023,1
MERC B,EQA250,GRY,2023,4
MERC B,EQA250,SIL,2023,1
MERC B,EQA250,WHI,2023,4
MERC B,EQA350,SIL,2023,1
MERC B,EQB250,BLK,2023,5
MERC B,EQB250,BLU,2023,1
MERC B,EQB250,GRY,2023,1
MERC B,EQB250,SIL,2023,2
MERC B,EQB250,WHI,2023,3
MERC B,EQB350,GRY,2023,1
MERC B,EQB350,SIL,2022,1
MERC B,EQB350,WHI,2023,3
MERC B,EQC400,BLK,2023,4
MERC B,EQC400,BLU,2023,4
MERC B,EQC400,GRY,2023,3
MERC B,EQC400,SIL,2022,1
MERC B,EQC400,WHI,2023,8
MERC B,EQE300,BLK,2023,2
MERC B,EQE300,BLU,2023,1
MERC B,EQE300,RED,2022,1
MERC B,EQE300,SIL,2023,1
MERC B,EQE300,WHI,2023,1
MERC B,EQE350,BLK,2023,8
MERC B,EQE350,BLU,2023,2
MERC B,EQE350,GRY,2023,8
MERC B,EQE350,SIL,2023,1
MERC B,EQE350,WHI,2023,1
MERC B,EQE53 ,GRY,2023,4
MERC B,EQS450,BLK,2023,5
MERC B,EQS450,BLU,2023,2
MERC B,EQS450,SIL,2023,1
MERC B,EQS450,WHI,2022,1
MERC B,EQS450,WHI,2023,1
MERC B,EQS53 ,GRY,2022,1
MERC B,EQV300,BLK,2022,1
MERC B,EQV300,GRY,2023,2
MERC B,G 63  ,BLK,2023,1
MERC B,G63   ,BLK,2023,10
MERC B,G63   ,GRN,2023,3
MERC B,G63   ,GRY,2023,2
MERC B,G63   ,SIL,2023,1
MERC B,G63   ,WHI,2023,4
MERC B,GLA 20,BLK,2023,1
MERC B,GLA 20,GRY,2023,1
MERC B,GLA 20,WHI,2023,2
MERC B,GLA 25,GRY,2023,1
MERC B,GLA 25,WHI,2023,4
MERC B,GLA 35,BLU,2023,1
MERC B,GLA200,BLU,2023,1
MERC B,GLA200,GRY,2023,1
MERC B,GLA200,SIL,2023,1
MERC B,GLA200,WHI,2023,8
MERC B,GLA250,BLK,2023,8
MERC B,GLA250,BLU,2023,4
MERC B,GLA250,GRY,2023,5
MERC B,GLA250,SIL,2023,1
MERC B,GLA250,WHI,2023,9
MERC B,GLA35 ,BLK,2023,1
MERC B,GLA35 ,BLU,2023,1
MERC B,GLA35 ,WHI,2023,6
MERC B,GLA45 ,GRY,2023,1
MERC B,GLA45 ,WHI,2023,1
MERC B,GLB 20,GRY,2023,2
MERC B,GLB 20,SIL,2023,1
MERC B,GLB 25,BLK,2023,1
MERC B,GLB 25,GRY,2023,1
MERC B,GLB 25,WHI,2023,1
MERC B,GLB 35,WHI,2023,1
MERC B,GLB200,BLK,2023,6
MERC B,GLB200,BLU,2023,7
MERC B,GLB200,GRY,2023,1
MERC B,GLB200,SIL,2022,1
MERC B,GLB200,SIL,2023,1
MERC B,GLB200,WHI,2022,1
MERC B,GLB200,WHI,2023,4
MERC B,GLB250,BLK,2023,2
MERC B,GLB250,BLU,2022,1
MERC B,GLB250,BLU,2023,2
MERC B,GLB250,GRY,2022,1
MERC B,GLB250,WHI,2023,7
MERC B,GLB35 ,BLK,2023,1
MERC B,GLB35 ,BLU,2023,2
MERC B,GLB35 ,GRY,2023,1
MERC B,GLB35 ,RED,2023,3
MERC B,GLB35 ,WHI,2022,1
MERC B,GLC 20,BLK,2023,1
MERC B,GLC 20,GRY,2022,1
MERC B,GLC 20,WHI,2023,1
MERC B,GLC 30,BLK,2022,1
MERC B,GLC 30,BLK,2023,5
MERC B,GLC 30,BLU,2023,3
MERC B,GLC 30,GRY,2023,5
MERC B,GLC 30,WHI,2023,3
MERC B,GLC 43,GRY,2022,1
MERC B,GLC 43,WHI,2023,1
MERC B,GLC 63,GRY,2023,1
MERC B,GLC200,BLK,2022,1
MERC B,GLC200,BLK,2023,1
MERC B,GLC200,BLU,2023,2
MERC B,GLC200,GRY,2023,14
MERC B,GLC200,SIL,2023,15
MERC B,GLC200,WHI,2023,3
MERC B,GLC300,BLK,2023,32
MERC B,GLC300,BLU,2023,7
MERC B,GLC300,GLD,2023,1
MERC B,GLC300,GRY,2022,1
MERC B,GLC300,GRY,2023,27
MERC B,GLC300,RED,2023,1
MERC B,GLC300,SIL,2023,11
MERC B,GLC300,WHI,2023,36
MERC B,GLC43 ,BLK,2023,5
MERC B,GLC43 ,BLU,2022,1
MERC B,GLC43 ,BLU,2023,2
MERC B,GLC43 ,GRY,2022,2
MERC B,GLC43 ,GRY,2023,1
MERC B,GLC43 ,WHI,2022,1
MERC B,GLC43 ,WHI,2023,1
MERC B,GLC63 ,BLK,2023,2
MERC B,GLC63 ,GRY,2023,1
MERC B,GLC63 ,WHI,2023,2
MERC B,GLC63S,BLU,2023,1
MERC B,GLE 30,BLK,2023,3
MERC B,GLE 30,GRY,2023,1
MERC B,GLE 30,RED,2023,1
MERC B,GLE 30,WHI,2023,1
MERC B,GLE 40,BLK,2023,3
MERC B,GLE 40,GRY,2023,1
MERC B,GLE 40,WHI,2022,1
MERC B,GLE 40,WHI,2023,1
MERC B,GLE 45,WHI,2023,1
MERC B,GLE 53,BLK,2023,1
MERC B,GLE 63,BLK,2023,3
MERC B,GLE300,BLK,2023,5
MERC B,GLE300,BLU,2023,1
MERC B,GLE300,GRN,2023,1
MERC B,GLE300,GRY,2023,1
MERC B,GLE300,SIL,2023,2
MERC B,GLE300,WHI,2022,1
MERC B,GLE300,WHI,2023,3
MERC B,GLE400,BLK,2022,1
MERC B,GLE400,BLK,2023,8
MERC B,GLE400,BLU,2023,2
MERC B,GLE400,GRY,2022,1
MERC B,GLE400,GRY,2023,4
MERC B,GLE400,RED,2023,1
MERC B,GLE400,SIL,2023,2
MERC B,GLE400,WHI,2023,10
MERC B,GLE450,BLK,2022,2
MERC B,GLE450,BLK,2023,6
MERC B,GLE450,BLU,2022,1
MERC B,GLE450,BLU,2023,1
MERC B,GLE450,GRY,2022,1
MERC B,GLE450,GRY,2023,1
MERC B,GLE450,RED,2023,1
MERC B,GLE450,SIL,2022,1
MERC B,GLE450,SIL,2023,2
MERC B,GLE450,WHI,2022,1
MERC B,GLE450,WHI,2023,8
MERC B,GLE53 ,BLK,2023,2
MERC B,GLE53 ,GRY,2023,1
MERC B,GLE63 ,BLK,2023,2
MERC B,GLE63 ,GRY,2023,2
MERC B,GLE63S,GRY,2023,1
MERC B,GLS 40,BLK,2023,3
MERC B,GLS 45,RED,2023,1
MERC B,GLS400,BLK,2023,1
MERC B,GLS400,GRY,2023,1
MERC B,GLS400,WHI,2023,3
MERC B,GLS450,BLK,2023,3
MERC B,GLS450,GRN,2023,1
MERC B,GLS450,GRY,2023,1
MERC B,GLS450,WHI,2022,1
MERC B,GLS450,WHI,2023,5
MERC B,JRV   ,GRY,2023,1
MERC B,JRV   ,WHI,2023,2
MERC B,JV    ,WHI,2023,1
MERC B,KEA UL,WHI,2023,1
MERC B,MB SPR,WHI,2023,1
MERC B,OPTIMU,SIL,2023,2
MERC B,S 580 ,BLK,2023,1
MERC B,SL63  ,BLK,2023,1
MERC B,SPRINT,BLK,2023,2
MERC B,SPRINT,GRY,2023,3
MERC B,SPRINT,SIL,2023,1
MERC B,SPRINT,WHI,2022,3
MERC B,SPRINT,WHI,2023,36
MERC B,V 250 ,BLK,2023,1
MERC B,V 300 ,GRY,2023,1
MERC B,V250  ,BLK,2023,3
MERC B,V250  ,SIL,2023,1
MERC B,V300  ,BLK,2022,2
MERC B,V300  ,BLK,2023,2
MERC B,V300  ,GRY,2022,1
MERC B,V300  ,GRY,2023,2
MERC B,VITO  ,BLK,2022,1
MERC B,VITO  ,BLK,2023,3
MERC B,VITO  ,SIL,2023,1
MERC B,VITO  ,WHI,2022,1
MERC B,VITO  ,WHI,2023,7
MERC B,VITO 1,WHI,2023,6
MERC B,VITO T,GRY,2023,1
MERC B,VS20  ,BLK,2023,1
MERC B,VS20  ,GRY,2023,1
MERC B,VS20  ,WHI,2023,1
MERC B,VS30  ,WHI,2023,1
MERC B,WINNEB,WHI,2022,2
MINI  ,ASX   ,SIL,2023,1
MINI  ,CLUBMA,BLK,2023,1
MINI  ,CLUBMA,BLU,2023,1
MINI  ,CLUBMA,GRN,2023,3
MINI  ,CLUBMA,SIL,2023,1
MINI  ,COOPER,BLK,2023,12
MINI  ,COOPER,BLU,2023,5
MINI  ,COOPER,GRN,2023,10
MINI  ,COOPER,GRY,2023,2
MINI  ,COOPER,RED,2023,8
MINI  ,COOPER,SIL,2023,2
MINI  ,COOPER,WHI,2023,14
MINI  ,COOPER,YLW,2023,2
MINI  ,COUNTR,BLK,2023,3
MINI  ,COUNTR,BLU,2023,2
MINI  ,COUNTR,GRN,2023,8
MINI  ,COUNTR,GRY,2023,2
MINI  ,COUNTR,RED,2023,4
MINI  ,COUNTR,SIL,2023,2
MINI  ,COUNTR,WHI,2023,2
MINI  ,JCW   ,BLK,2023,1
MINI  ,JCW   ,BLU,2023,2
MINI  ,JCW   ,GRY,2023,1
MINI  ,JCW   ,RED,2023,1
MINI  ,JCW   ,WHI,2023,1
MINI  ,JCW AL,BLK,2023,1
MINI  ,JCW AL,SIL,2023,1
MINI  ,JCW CL,BLK,2023,1
MINI  ,JCW CL,GRN,2023,2
MINI  ,JCW CO,BLK,2023,1
MINI  ,JCW CO,BLU,2023,1
MINI  ,S CLUB,GRN,2023,1
MINI  ,S COUN,BLK,2023,1
MINI  ,S COUN,BLU,2023,1
MINI  ,S COUN,GRN,2023,5
MINI  ,SE COU,BLU,2023,1
MINI  ,SE COU,GRN,2023,2
MITSUB,ASX   ,BLK,2023,4
MITSUB,ASX   ,BLU,2023,15
MITSUB,ASX   ,GRY,2023,28
MITSUB,ASX   ,OGE,2023,7
MITSUB,ASX   ,RED,2023,18
MITSUB,ASX   ,SIL,2023,12
MITSUB,ASX   ,WHI,2023,60
MITSUB,ASX ES,GRY,2023,3
MITSUB,ASX ES,RED,2023,1
MITSUB,ASX ES,WHI,2023,1
MITSUB,ASX EX,BLU,2023,1
MITSUB,ASX EX,WHI,2023,1
MITSUB,ASX GS,RED,2023,1
MITSUB,ASX LD,GRY,2023,1
MITSUB,ASX LS,BLU,2023,1
MITSUB,ASX LS,GRY,2023,1
MITSUB,ASX LS,RED,2023,1
MITSUB,ASX LS,SIL,2023,2
MITSUB,ASX LS,WHI,2023,4
MITSUB,CANTER,WHI,2022,1
MITSUB,CANTER,WHI,2023,2
MITSUB,ECLIPS,BLK,2023,17
MITSUB,ECLIPS,BLU,2023,10
MITSUB,ECLIPS,GRY,2023,45
MITSUB,ECLIPS,RED,2023,29
MITSUB,ECLIPS,SIL,2023,13
MITSUB,ECLIPS,WHI,2023,67
MITSUB,ELCIPS,BLK,2023,1
MITSUB,ELCIPS,GRY,2023,1
MITSUB,ELCIPS,RED,2023,1
MITSUB,FEA21C,WHI,2023,1
MITSUB,FEA21E,WHI,2023,1
MITSUB,FEA61B,WHI,2023,2
MITSUB,FEB21E,PNK,2023,1
MITSUB,FEB21E,SIL,2023,1
MITSUB,FEB71E,WHI,2023,1
MITSUB,FG30NT,GRN,2023,1
MITSUB,FG35NT,GRN,2023,1
MITSUB,FIGHT ,WHI,2022,1
MITSUB,FM67FS,WHI,2023,1
MITSUB,FUSO  ,SIL,2023,1
MITSUB,FUSO  ,WHI,2022,1
MITSUB,FUSO  ,WHI,2023,1
MITSUB,MR TRI,BLK,2023,1
MITSUB,MR TRI,GRY,2023,1
MITSUB,MR TRI,WHI,2023,1
MITSUB,OURLAN,GRY,2023,1
MITSUB,OUTLAN,BLK,2023,65
MITSUB,OUTLAN,BLU,2023,32
MITSUB,OUTLAN,GRY,2023,111
MITSUB,OUTLAN,RED,2022,1
MITSUB,OUTLAN,RED,2023,43
MITSUB,OUTLAN,SIL,2023,28
MITSUB,OUTLAN,WHI,2023,217
MITSUB,PAJERO,BLK,2023,4
MITSUB,PAJERO,GRY,2023,7
MITSUB,PAJERO,RED,2023,1
MITSUB,PAJERO,SIL,2022,1
MITSUB,PAJERO,SIL,2023,3
MITSUB,PAJERO,WHI,2023,14
MITSUB,QF PAJ,BLK,2023,1
MITSUB,TRITON,BLK,2023,8
MITSUB,TRITON,BLU,2023,11
MITSUB,TRITON,GRY,2023,39
MITSUB,TRITON,OGE,2022,1
MITSUB,TRITON,OGE,2023,2
MITSUB,TRITON,RED,2023,1
MITSUB,TRITON,SIL,2022,1
MITSUB,TRITON,SIL,2023,13
MITSUB,TRITON,WHI,2022,3
MITSUB,TRITON,WHI,2023,207
MITSUB,XD ASX,BLU,2023,1
MITSUB,XD ASX,GRY,2023,1
MITSUB,XD ASX,RED,2023,2
MITSUB,XD ASX,WHI,2023,2
MITSUB,ZM OUT,BLK,2023,5
MITSUB,ZM OUT,BLU,2023,1
MITSUB,ZM OUT,RED,2023,2
MITSUB,ZM OUT,WHI,2023,18
MOFFET,M4253N,RED,2023,1
MOFFET,M525.3,RED,2023,3
MOFFET,M5253N,GRN,2023,1
MOFFET,M5253P,RED,2023,2
MOTOX ,MOTOC ,GRN,2022,1
MOTOX ,MOTOC ,RED,2023,1
MOUNTA,ZL20  ,YLW,2023,1
N HOLL,      ,BLU,2022,1
N HOLL,BOOMER,BLU,2023,1
N HOLL,T4 85N,BLU,2023,1
N HOLL,T4110F,BLU,2023,1
N HOLL,T5.95 ,BLU,2023,1
N HOLL,T595DC,BLU,2023,1
N HOLL,T6020 ,BLU,2023,1
N HOLL,T6050 ,BLU,2023,2
N HOLL,TD5 11,BLU,2023,1
NISSAN,400Z  ,YLW,2023,1
NISSAN,JUKE  ,BLU,2023,1
NISSAN,JUKE  ,GRY,2023,9
NISSAN,JUKE  ,MRN,2023,1
NISSAN,JUKE  ,RED,2023,2
NISSAN,JUKE  ,SIL,2023,1
NISSAN,JUKE  ,WHI,2023,3
NISSAN,JUKE S,BLK,2023,1
NISSAN,JUKE S,GRY,2023,1
NISSAN,JUKE S,WHI,2023,1
NISSAN,LEAF  ,BLK,2023,1
NISSAN,LEAF  ,BLU,2023,1
NISSAN,LEAF  ,RED,2023,1
NISSAN,LEAF  ,WHI,2022,1
NISSAN,LEAF  ,WHI,2023,4
NISSAN,LEAF E,WHI,2023,1
NISSAN,NARAVA,BLK,2023,1
NISSAN,NARAVA,WHI,2023,1
NISSAN,NAVARA,BLK,2023,13
NISSAN,NAVARA,GRY,2023,37
NISSAN,NAVARA,RED,2023,3
NISSAN,NAVARA,SIL,2023,5
NISSAN,NAVARA,WHI,2023,34
NISSAN,PATHFI,BLK,2023,1
NISSAN,PATHFI,GRY,2023,9
NISSAN,PATHFI,RED,2023,2
NISSAN,PATHFI,SIL,2023,1
NISSAN,PATHFI,WHI,2023,9
NISSAN,PATROL,BLK,2023,18
NISSAN,PATROL,BLU,2023,6
NISSAN,PATROL,GLD,2023,2
NISSAN,PATROL,GRY,2023,32
NISSAN,PATROL,SIL,2023,9
NISSAN,PATROL,WHI,2023,30
NISSAN,QASHQA,BLK,2023,12
NISSAN,QASHQA,BLU,2023,29
NISSAN,QASHQA,GRY,2023,48
NISSAN,QASHQA,MRN,2023,4
NISSAN,QASHQA,RED,2023,14
NISSAN,QASHQA,SIL,2023,12
NISSAN,QASHQA,WHI,2023,55
NISSAN,X TRAI,BLK,2023,1
NISSAN,X TRAI,BLU,2023,7
NISSAN,X TRAI,GLD,2023,1
NISSAN,X TRAI,GRY,2023,12
NISSAN,X TRAI,RED,2023,6
NISSAN,X TRAI,SIL,2023,7
NISSAN,X TRAI,WHI,2023,11
NISSAN,XTRAIL,BLK,2023,12
NISSAN,XTRAIL,BLU,2023,19
NISSAN,XTRAIL,FWN,2023,1
NISSAN,XTRAIL,GLD,2023,6
NISSAN,XTRAIL,GRY,2023,59
NISSAN,XTRAIL,MRN,2023,1
NISSAN,XTRAIL,OGE,2023,1
NISSAN,XTRAIL,RED,2023,23
NISSAN,XTRAIL,SIL,2023,19
NISSAN,XTRAIL,WHI,2023,59
NISSAN,Z     ,BLK,2023,8
NISSAN,Z     ,BLU,2023,5
NISSAN,Z     ,GRY,2023,6
NISSAN,Z     ,SIL,2023,1
NISSAN,Z     ,WHI,2023,2
NISSAN,Z     ,YLW,2023,4
NISSAN,Z COUP,GRY,2023,3
NISSAN,Z34 CO,GRY,2023,1
PEUG  ,2008  ,OGE,2023,1
PEUG  ,2008  ,WHI,2023,1
PEUG  ,3008  ,BLK,2023,1
PEUG  ,3008  ,GRY,2023,2
PEUG  ,3008  ,WHI,2022,1
PEUG  ,3008  ,WHI,2023,3
PEUG  ,3008 G,RED,2023,1
PEUG  ,308   ,BLK,2023,2
PEUG  ,308   ,BLU,2022,1
PEUG  ,308   ,BLU,2023,3
PEUG  ,308   ,GRN,2023,1
PEUG  ,308   ,RED,2022,1
PEUG  ,308   ,RED,2023,2
PEUG  ,308   ,WHI,2023,2
PEUG  ,5008  ,BLK,2023,1
PEUG  ,5008  ,GRY,2023,1
PEUG  ,5008  ,WHI,2023,2
PEUG  ,508   ,BLK,2022,1
PEUG  ,508   ,BLU,2023,1
PEUG  ,508   ,GRY,2022,1
PEUG  ,508   ,RED,2023,1
PEUG  ,508   ,WHI,2022,1
PEUG  ,BOXER ,WHI,2023,1
PEUG  ,DJANGO,BLU,2022,1
PEUG  ,EXPERT,GRY,2023,6
PEUG  ,EXPERT,WHI,2022,1
PEUG  ,EXPERT,WHI,2023,3
PEUG  ,PARTNE,BLK,2023,2
PEUG  ,PARTNE,GRY,2023,2
PEUG  ,PARTNE,WHI,2023,13
PIAGGI,XEV400,BLK,2022,1
PISTA ,PISTA ,BLU,2023,1
PISTA ,PISTA ,RED,2023,2
POLARI,DIESEL,GRN,2023,2
POLARI,GEN100,WHI,2023,1
POLARI,GENERA,GRY,2022,1
POLARI,RANGER,BLK,2023,1
POLARI,RANGER,BRZ,2022,1
POLARI,RANGER,BRZ,2023,2
POLARI,RANGER,GLD,2023,2
POLARI,RANGER,GRN,2022,1
POLARI,RANGER,GRN,2023,2
POLARI,RANGER,GRY,2022,1
POLARI,RANGER,GRY,2023,2
POLARI,RANGER,WHI,2023,2
POLARI,SWV2  ,BRN,2023,1
POLARI,XP1000,BRN,2023,2
POLARI,XP1000,GLD,2023,1
POLEST,2     ,BLK,2023,5
POLEST,2     ,BLU,2023,10
POLEST,2     ,GLD,2023,2
POLEST,2     ,GRY,2023,4
POLEST,2     ,SIL,2022,1
POLEST,2     ,SIL,2023,20
POLEST,2     ,WHI,2023,11
PORSCH,718 BO,GRY,2023,1
PORSCH,718 BO,WHI,2023,1
PORSCH,718 CA,BLK,2023,1
PORSCH,718 CA,GRY,2023,1
PORSCH,718 CA,RED,2023,1
PORSCH,718 CA,YLW,2023,1
PORSCH,718 SP,SIL,2023,1
PORSCH,911 CA,BLK,2023,1
PORSCH,911 CA,BLU,2023,1
PORSCH,911 CA,GRN,2023,1
PORSCH,911 CA,GRY,2023,2
PORSCH,911 CA,WHI,2023,1
PORSCH,911 GT,GRY,2023,1
PORSCH,911 GT,RED,2023,1
PORSCH,911 GT,SIL,2023,1
PORSCH,911 GT,WHI,2023,1
PORSCH,911 SP,GRY,2023,1
PORSCH,992 GT,SIL,2023,1
PORSCH,CAYEME,RED,2023,1
PORSCH,CAYENN,BEI,2023,2
PORSCH,CAYENN,BLK,2023,18
PORSCH,CAYENN,BLU,2023,4
PORSCH,CAYENN,BRN,2023,1
PORSCH,CAYENN,FWN,2023,2
PORSCH,CAYENN,GRY,2023,17
PORSCH,CAYENN,MVE,2023,1
PORSCH,CAYENN,RED,2022,1
PORSCH,CAYENN,RED,2023,1
PORSCH,CAYENN,SIL,2023,1
PORSCH,CAYENN,WHI,2023,4
PORSCH,CAYMAN,BLU,2023,1
PORSCH,MACAN ,BLK,2023,15
PORSCH,MACAN ,BLU,2023,5
PORSCH,MACAN ,GRN,2023,1
PORSCH,MACAN ,GRY,2023,26
PORSCH,MACAN ,MRN,2023,1
PORSCH,MACAN ,OGE,2023,2
PORSCH,MACAN ,RED,2023,4
PORSCH,MACAN ,SIL,2023,6
PORSCH,MACAN ,WHI,2023,12
PORSCH,PANAME,BLK,2023,2
PORSCH,PANAME,GRY,2023,1
PORSCH,TAYCAN,BLK,2023,1
PORSCH,TAYCAN,BLU,2023,3
PORSCH,TAYCAN,GRY,2023,1
PORSCH,TAYCAN,RED,2023,1
PORSCH,TAYCAN,SIL,2023,1
PORSCH,TAYCAN,WHI,2023,4
PORSCH,TAYGAN,SIL,2023,1
PRNOTH,BISONX,SIL,2023,1
R ENF ,CGT650,BLU,2023,1
R ENF ,CLA350,BLK,2022,1
R ENF ,CLA350,BLK,2023,2
R ENF ,CLA350,GRY,2022,1
R ENF ,CLA350,YLW,2023,1
R ENF ,CNEX  ,GRN,2023,1
R ENF ,CON650,GRN,2022,1
R ENF ,CONTGT,WHI,2022,1
R ENF ,HIM BA,GRY,2023,1
R ENF ,HIM MI,BLU,2023,1
R ENF ,HIMALA,GRY,2022,1
R ENF ,HNT350,RED,2023,1
R ENF ,HNT350,WHI,2023,1
R ENF ,INT650,BLK,2023,2
R ENF ,INT650,GLD,2022,1
R ENF ,INT650,SIL,2023,1
R ENF ,INTERC,OGE,2022,1
R ENF ,LS410 ,BLU,2022,1
R ENF ,MET350,RED,2022,1
R ENF ,MET650,BLU,2023,2
R ENF ,SCR411,BLU,2023,1
R ENF ,SCR411,SIL,2023,1
R ENF ,SMET65,GRN,2023,2
R ENF ,SUPER ,BLK,2023,2
R ENF ,SUPER ,BLU,2023,3
R ENF ,SUPER ,GRN,2023,4
R ENF ,SUPER ,RED,2023,1
R ROV ,EVOQUE,BLK,2023,1
R ROV ,SPORT ,BLK,2023,2
R ROV ,VELAR ,BLU,2023,1
RAM   ,1500  ,BLK,2023,10
RAM   ,1500  ,BLU,2022,1
RAM   ,1500  ,BLU,2023,2
RAM   ,1500  ,GRY,2023,6
RAM   ,1500  ,WHI,2023,5
RAM   ,1500 D,WHI,2023,1
RAM   ,1500 E,BLK,2023,4
RAM   ,1500 E,GRY,2023,1
RAM   ,1500 E,WHI,2023,3
RAM   ,1500 L,BLK,2022,1
RAM   ,1500 L,BLK,2023,8
RAM   ,1500 L,GRY,2023,10
RAM   ,1500 L,WHI,2023,2
RAM   ,1500 R,BLK,2023,1
RAM   ,2500  ,BLK,2023,1
RAM   ,2500  ,GRY,2023,2
RAM   ,2500  ,WHI,2023,2
RAM   ,2500 L,GRY,2023,3
RAM   ,2500 L,WHI,2023,1
RAM   ,2500LA,GRY,2023,1
RAM   ,DT    ,SIL,2022,1
RAM   ,LARAMI,SIL,2023,1
RAM   ,WARLOC,BLU,2022,1
RANGER,      ,BLU,2023,2
REN   ,ARKANA,BLK,2022,2
REN   ,ARKANA,BLK,2023,1
REN   ,ARKANA,BLU,2022,1
REN   ,ARKANA,BLU,2023,1
REN   ,ARKANA,GRY,2022,1
REN   ,ARKANA,GRY,2023,3
REN   ,ARKANA,OGE,2022,1
REN   ,ARKANA,RED,2022,2
REN   ,ARKANA,RED,2023,3
REN   ,ARKANA,WHI,2022,3
REN   ,ARKANA,WHI,2023,5
REN   ,CAPTUR,BLK,2022,1
REN   ,CAPTUR,BLU,2023,2
REN   ,CAPTUR,GRY,2023,1
REN   ,CAPTUR,WHI,2022,2
REN   ,JRV   ,GRY,2023,3
REN   ,KOLEOS,BLK,2022,1
REN   ,KOLEOS,BLK,2023,18
REN   ,KOLEOS,GRY,2023,34
REN   ,KOLEOS,PUR,2023,1
REN   ,KOLEOS,RED,2023,24
REN   ,KOLEOS,WHI,2022,2
REN   ,KOLEOS,WHI,2023,36
REN   ,MASTER,WHI,2022,1
REN   ,MASTER,WHI,2023,9
REN   ,MEGANE,BLK,2023,1
REN   ,TRAFI ,WHI,2023,1
REN   ,TRAFIC,BLK,2023,2
REN   ,TRAFIC,GRY,2023,1
REN   ,TRAFIC,WHI,2023,11
ROLLS ,GHOST ,BLU,2023,1
ROYAL ,GT 650,GRN,2023,1
SAIC  ,AZS1  ,BLK,2023,1
SCANIA,G 420 ,WHI,2022,1
SCANIA,G 420 ,WHI,2023,1
SCANIA,G 460 ,WHI,2022,4
SCANIA,G 540 ,WHI,2023,3
SCANIA,G 560 ,WHI,2023,2
SCANIA,K 320 ,WHI,2023,3
SCANIA,K320C ,OGE,2023,9
SCANIA,K320CB,WHI,2023,1
SCANIA,P 320 ,WHI,2023,1
SCANIA,P 360 ,WHI,2023,1
SCANIA,P 410 ,WHI,2023,1
SCANIA,P 450 ,RED,2023,1
SCANIA,P 450 ,WHI,2023,3
SCANIA,P 460 ,WHI,2023,2
SCANIA,R 560 ,RED,2023,2
SCANIA,R 560 ,WHI,2023,4
SCANIA,R 590 ,WHI,2023,2
SCANIA,R 620 ,WHI,2023,3
SCANIA,R 660 ,WHI,2023,2
SCANIA,R 770 ,WHI,2023,1
SCANIA,R 770 ,YLW,2023,1
SEGWAY,AT6S  ,WHI,2022,1
SEGWAY,SNARLR,GRY,2023,1
SHERCO,300 2T,BLU,2023,4
SHERCO,3002ST,BLU,2022,2
SHERCO,3002ST,BLU,2023,1
SHERCO,3004ST,BLU,2022,1
SHERCO,SE250R,BLU,2022,1
SHERCO,SE300 ,BLU,2023,2
SINO  ,SITRAK,WHI,2023,1
SINO  ,T5G330,WHI,2023,1
SKIDOO,SKANDI,BLK,2023,4
SKODA ,FABIA ,BLK,2023,2
SKODA ,FABIA ,GRY,2023,2
SKODA ,FABIA ,OGE,2023,1
SKODA ,FABIA ,RED,2023,1
SKODA ,FABIA ,SIL,2023,1
SKODA ,FABIA ,WHI,2023,3
SKODA ,KAMIQ ,BLK,2022,1
SKODA ,KAMIQ ,BLK,2023,4
SKODA ,KAMIQ ,BLU,2022,2
SKODA ,KAMIQ ,BLU,2023,6
SKODA ,KAMIQ ,GRY,2022,1
SKODA ,KAMIQ ,GRY,2023,8
SKODA ,KAMIQ ,RED,2023,3
SKODA ,KAMIQ ,SIL,2022,1
SKODA ,KAMIQ ,SIL,2023,2
SKODA ,KAMIQ ,WHI,2023,23
SKODA ,KAROQ ,BLK,2023,11
SKODA ,KAROQ ,BLU,2023,1
SKODA ,KAROQ ,GRY,2023,18
SKODA ,KAROQ ,OGE,2022,2
SKODA ,KAROQ ,OGE,2023,1
SKODA ,KAROQ ,RED,2023,2
SKODA ,KAROQ ,SIL,2022,2
SKODA ,KAROQ ,SIL,2023,2
SKODA ,KAROQ ,WHI,2023,10
SKODA ,KODIAQ,BLK,2023,14
SKODA ,KODIAQ,BLU,2023,13
SKODA ,KODIAQ,GRY,2023,23
SKODA ,KODIAQ,RED,2023,1
SKODA ,KODIAQ,SIL,2023,5
SKODA ,KODIAQ,WHI,2023,16
SKODA ,OCATVI,BLK,2023,1
SKODA ,OCTAVI,BLK,2022,1
SKODA ,OCTAVI,BLK,2023,7
SKODA ,OCTAVI,BLU,2023,2
SKODA ,OCTAVI,GRN,2023,1
SKODA ,OCTAVI,GRY,2023,7
SKODA ,OCTAVI,RED,2023,1
SKODA ,OCTAVI,SIL,2023,2
SKODA ,OCTAVI,WHI,2022,1
SKODA ,OCTAVI,WHI,2023,16
SKODA ,SCALA ,BLK,2023,2
SKODA ,SCALA ,BLU,2023,5
SKODA ,SCALA ,GRY,2022,2
SKODA ,SCALA ,GRY,2023,3
SKODA ,SCALA ,SIL,2023,4
SKODA ,SCALA ,WHI,2022,2
SKODA ,SCALA ,WHI,2023,4
SKODA ,SUPERB,BLU,2023,1
SKODA ,SUPERB,GRY,2023,3
SKODA ,SUPERB,WHI,2023,2
SSANGY,KORAND,BLK,2022,1
SSANGY,KORAND,BLK,2023,1
SSANGY,KORAND,BLU,2023,4
SSANGY,KORAND,GRY,2023,1
SSANGY,KORAND,WHI,2023,5
SSANGY,MUSSO ,BLK,2023,11
SSANGY,MUSSO ,BLU,2022,2
SSANGY,MUSSO ,BLU,2023,8
SSANGY,MUSSO ,GRY,2022,4
SSANGY,MUSSO ,GRY,2023,15
SSANGY,MUSSO ,RED,2023,3
SSANGY,MUSSO ,WHI,2023,16
SSANGY,REXTON,BLK,2023,13
SSANGY,REXTON,BLU,2023,5
SSANGY,REXTON,GRY,2022,1
SSANGY,REXTON,GRY,2023,4
SSANGY,REXTON,SIL,2022,1
SSANGY,REXTON,SIL,2023,6
SSANGY,REXTON,WHI,2023,16
SUBARU,2023  ,BLU,2023,1
SUBARU,BRZ   ,BLK,2023,2
SUBARU,BRZ   ,BLU,2023,7
SUBARU,BRZ   ,GRY,2023,2
SUBARU,BRZ   ,RED,2023,1
SUBARU,BRZ   ,SIL,2023,1
SUBARU,BRZ   ,WHI,2023,7
SUBARU,CROSST,BLK,2023,12
SUBARU,CROSST,BLU,2023,100
SUBARU,CROSST,GRY,2023,35
SUBARU,CROSST,OGE,2023,26
SUBARU,CROSST,RED,2023,12
SUBARU,CROSST,SIL,2023,31
SUBARU,CROSST,WHI,2023,101
SUBARU,FOESTE,BLU,2023,1
SUBARU,FOREST,BLK,2023,18
SUBARU,FOREST,BLU,2023,33
SUBARU,FOREST,BRZ,2023,6
SUBARU,FOREST,GRN,2023,17
SUBARU,FOREST,GRY,2023,36
SUBARU,FOREST,MRN,2023,1
SUBARU,FOREST,RED,2023,9
SUBARU,FOREST,SIL,2023,19
SUBARU,FOREST,WHI,2022,1
SUBARU,FOREST,WHI,2023,75
SUBARU,IMPREZ,BLK,2023,6
SUBARU,IMPREZ,GRY,2023,8
SUBARU,IMPREZ,RED,2023,4
SUBARU,IMPREZ,WHI,2023,10
SUBARU,OUBAC ,GRY,2023,1
SUBARU,OUTBAC,BLK,2023,22
SUBARU,OUTBAC,BLU,2023,34
SUBARU,OUTBAC,BRZ,2023,8
SUBARU,OUTBAC,GRN,2023,35
SUBARU,OUTBAC,GRY,2022,1
SUBARU,OUTBAC,GRY,2023,41
SUBARU,OUTBAC,RED,2023,5
SUBARU,OUTBAC,SIL,2023,29
SUBARU,OUTBAC,WHI,2023,61
SUBARU,WRX   ,BLK,2023,7
SUBARU,WRX   ,BLU,2023,8
SUBARU,WRX   ,GRY,2023,8
SUBARU,WRX   ,WHI,2022,1
SUBARU,WRX   ,WHI,2023,7
SUBARU,WRX SP,BLU,2023,1
SUNB  ,CROSST,WHI,2023,1
SUNWAR,SWE155,BLU,2023,1
SUPERS,TC MAX,YLW,2023,1
SUZUKI,BALENO,WHI,2023,2
SUZUKI,DL1050,YLW,2022,1
SUZUKI,DL650 ,BLK,2022,1
SUZUKI,DL650A,BLK,2022,1
SUZUKI,DL800 ,YLW,2023,1
SUZUKI,DL800D,GRY,2023,1
SUZUKI,DR200S,WHI,2023,1
SUZUKI,DR2400,YLW,2023,1
SUZUKI,DRZ40E,YLW,2022,1
SUZUKI,DRZ40E,YLW,2023,1
SUZUKI,DS250R,OGE,2023,2
SUZUKI,DS250R,YLW,2023,2
SUZUKI,EVERY ,BLK,2023,1
SUZUKI,GSX130,GRY,2022,1
SUZUKI,GSX8S ,BLK,2023,2
SUZUKI,GSX8S ,BLU,2023,1
SUZUKI,GSXR10,BLK,2022,1
SUZUKI,GSXR10,BLU,2023,1
SUZUKI,GSXS10,BLK,2023,1
SUZUKI,GSXS12,BLK,2023,1
SUZUKI,HAYABU,GRY,2023,1
SUZUKI,IGNIS ,BEI,2023,1
SUZUKI,IGNIS ,BLK,2022,1
SUZUKI,IGNIS ,BLK,2023,2
SUZUKI,IGNIS ,CRM,2023,2
SUZUKI,IGNIS ,GRY,2022,1
SUZUKI,IGNIS ,GRY,2023,3
SUZUKI,IGNIS ,KHA,2022,1
SUZUKI,IGNIS ,KHA,2023,5
SUZUKI,IGNIS ,RED,2023,5
SUZUKI,IGNIS ,WHI,2023,11
SUZUKI,JIMNY ,BEI,2023,1
SUZUKI,JIMNY ,BLK,2023,7
SUZUKI,JIMNY ,BLU,2023,3
SUZUKI,JIMNY ,CRM,2023,2
SUZUKI,JIMNY ,GRN,2023,19
SUZUKI,JIMNY ,GRY,2023,16
SUZUKI,JIMNY ,WHI,2023,20
SUZUKI,JIMNY ,YLW,2022,1
SUZUKI,RMZ   ,YLW,2023,1
SUZUKI,S CROS,BLK,2023,3
SUZUKI,S CROS,BLU,2023,2
SUZUKI,S CROS,RED,2023,1
SUZUKI,S CROS,SIL,2023,1
SUZUKI,S CROS,WHI,2023,1
SUZUKI,SCROSS,GRY,2023,1
SUZUKI,SCROSS,WHI,2022,1
SUZUKI,SCROSS,WHI,2023,3
SUZUKI,SV6503,GRY,2022,1
SUZUKI,SV650A,BLK,2022,1
SUZUKI,SV650A,GRY,2022,1
SUZUKI,SWIFT ,BLK,2023,8
SUZUKI,SWIFT ,BLU,2022,1
SUZUKI,SWIFT ,BLU,2023,19
SUZUKI,SWIFT ,GRY,2022,1
SUZUKI,SWIFT ,GRY,2023,21
SUZUKI,SWIFT ,RED,2023,19
SUZUKI,SWIFT ,SIL,2023,23
SUZUKI,SWIFT ,WHI,2023,77
SUZUKI,UK110 ,WHI,2023,5
SUZUKI,UK110N,WHI,2023,2
SUZUKI,UN125N,WHI,2023,1
SUZUKI,VITARA,BEI,2023,2
SUZUKI,VITARA,BLK,2023,3
SUZUKI,VITARA,BLU,2023,1
SUZUKI,VITARA,GRY,2023,1
SUZUKI,VITARA,SIL,2023,3
SUZUKI,VITARA,TUR,2023,1
SUZUKI,VITARA,WHI,2022,2
SUZUKI,VITARA,WHI,2023,6
SUZUKI,VITARA,YLW,2022,1
SUZUKI,VITARA,YLW,2023,1
SYM   ,MUSSO ,RED,2023,1
SYM   ,ST200I,WHI,2022,1
TEREX ,PT30  ,WHI,2023,1
TESLA ,M3 LR ,BLK,2023,18
TESLA ,M3 LR ,BLU,2023,8
TESLA ,M3 LR ,GRY,2023,18
TESLA ,M3 LR ,RED,2023,5
TESLA ,M3 LR ,WHI,2023,31
TESLA ,M3 PRF,BLK,2023,5
TESLA ,M3 PRF,BLU,2023,1
TESLA ,M3 PRF,RED,2023,2
TESLA ,M3 PRF,WHI,2023,2
TESLA ,M3 RWD,BLK,2023,8
TESLA ,M3 RWD,BLU,2023,5
TESLA ,M3 RWD,GRY,2023,1
TESLA ,M3 RWD,RED,2023,3
TESLA ,M3 RWD,WHI,2023,9
TESLA ,MY LR ,BLK,2023,2
TESLA ,MY LR ,BLU,2023,19
TESLA ,MY LR ,GRY,2023,11
TESLA ,MY LR ,RED,2023,5
TESLA ,MY LR ,WHI,2023,118
TESLA ,MY PER,WHI,2023,1
TESLA ,MY PRF,BLU,2023,1
TESLA ,MY PRF,WHI,2023,7
TESLA ,MY RWD,BLK,2023,149
TESLA ,MY RWD,BLU,2023,103
TESLA ,MY RWD,GRY,2023,183
TESLA ,MY RWD,RED,2023,87
TESLA ,MY RWD,WHI,2023,410
TORO  ,72028 ,RED,2023,3
TORO  ,GM360 ,RED,2023,1
TOYOTA,1GD915,GRY,2023,1
TOYOTA,328FG ,OGE,2022,1
TOYOTA,328FG1,OGE,2023,2
TOYOTA,328FG2,YLW,2023,1
TOYOTA,328FGK,OGE,2023,2
TOYOTA,86    ,GRY,2023,2
TOYOTA,86    ,RED,2023,2
TOYOTA,86    ,WHI,2023,3
TOYOTA,8FBE20,OGE,2022,1
TOYOTA,8FD50N,OGE,2023,1
TOYOTA,8FG40N,OGE,2023,1
TOYOTA,ALPHAR,WHI,2023,1
TOYOTA,C HR  ,BLK,2023,2
TOYOTA,C HR  ,GRY,2023,1
TOYOTA,C HR  ,RED,2023,1
TOYOTA,CAMRY ,BLK,2023,19
TOYOTA,CAMRY ,BLU,2023,8
TOYOTA,CAMRY ,BRZ,2023,4
TOYOTA,CAMRY ,GRY,2023,19
TOYOTA,CAMRY ,RED,2023,19
TOYOTA,CAMRY ,SIL,2023,33
TOYOTA,CAMRY ,WHI,2023,102
TOYOTA,CHR   ,BLK,2023,12
TOYOTA,CHR   ,BLU,2023,6
TOYOTA,CHR   ,BRZ,2023,1
TOYOTA,CHR   ,GRY,2023,25
TOYOTA,CHR   ,RED,2023,19
TOYOTA,CHR   ,SIL,2023,21
TOYOTA,CHR   ,WHI,2023,45
TOYOTA,CHR   ,YLW,2023,11
TOYOTA,C-HR  ,WHI,2023,1
TOYOTA,CHR  K,WHI,2023,1
TOYOTA,CHR GX,BEI,2023,1
TOYOTA,CHR GX,RED,2023,1
TOYOTA,CHR HY,RED,2023,1
TOYOTA,CHR HY,WHI,2023,1
TOYOTA,CHR KO,BLK,2023,2
TOYOTA,CHR KO,GRY,2023,2
TOYOTA,CHR KO,RED,2023,1
TOYOTA,CHR KO,WHI,2023,2
TOYOTA,COASTE,WHI,2023,7
TOYOTA,COMMUT,WHI,2023,1
TOYOTA,COROLL,BEI,2023,1
TOYOTA,COROLL,BLK,2023,46
TOYOTA,COROLL,BLU,2023,33
TOYOTA,COROLL,GRN,2023,11
TOYOTA,COROLL,GRY,2023,87
TOYOTA,COROLL,KHA,2023,29
TOYOTA,COROLL,OGE,2023,1
TOYOTA,COROLL,RED,2023,67
TOYOTA,COROLL,SIL,2023,103
TOYOTA,COROLL,WHI,2023,332
TOYOTA,E6218 ,OGE,2022,2
TOYOTA,FORTUN,BLK,2023,5
TOYOTA,FORTUN,BLU,2023,1
TOYOTA,FORTUN,GRY,2023,6
TOYOTA,FORTUN,SIL,2023,7
TOYOTA,FORTUN,WHI,2023,15
TOYOTA,GR 86 ,BLU,2023,1
TOYOTA,GR 86 ,OGE,2023,1
TOYOTA,GR 86 ,RED,2023,1
TOYOTA,GR 86 ,WHI,2023,3
TOYOTA,GR COR,BLK,2023,1
TOYOTA,GR COR,GRY,2023,2
TOYOTA,GR COR,RED,2023,1
TOYOTA,GR COR,SIL,2023,1
TOYOTA,GR COR,WHI,2023,5
TOYOTA,GR YAR,RED,2023,1
TOYOTA,GR YAR,WHI,2022,1
TOYOTA,GR86  ,BLK,2023,3
TOYOTA,GR86  ,BLU,2023,1
TOYOTA,GR86  ,GRY,2023,2
TOYOTA,GR86  ,OGE,2023,1
TOYOTA,GR86  ,RED,2023,1
TOYOTA,GR86  ,SIL,2023,1
TOYOTA,GR86  ,WHI,2023,6
TOYOTA,GRANVI,BLK,2023,2
TOYOTA,GRANVI,GRY,2023,1
TOYOTA,HI LUX,WHI,2023,1
TOYOTA,HIACE ,BEI,2023,1
TOYOTA,HIACE ,WHI,2022,11
TOYOTA,HIACE ,WHI,2023,92
TOYOTA,HIILUX,WHI,2023,1
TOYOTA,HILUX ,BLK,2023,41
TOYOTA,HILUX ,BLU,2023,18
TOYOTA,HILUX ,BRZ,2023,17
TOYOTA,HILUX ,GRY,2022,3
TOYOTA,HILUX ,GRY,2023,102
TOYOTA,HILUX ,RED,2023,9
TOYOTA,HILUX ,SIL,2022,4
TOYOTA,HILUX ,SIL,2023,68
TOYOTA,HILUX ,WHI,2022,11
TOYOTA,HILUX ,WHI,2023,654
TOYOTA,KLUGER,BLK,2023,3
TOYOTA,KLUGER,BLU,2023,11
TOYOTA,KLUGER,GRY,2023,9
TOYOTA,KLUGER,RED,2023,4
TOYOTA,KLUGER,SIL,2023,8
TOYOTA,KLUGER,WHI,2022,1
TOYOTA,KLUGER,WHI,2023,23
TOYOTA,LAND C,GRY,2023,3
TOYOTA,LAND C,SIL,2023,1
TOYOTA,LAND C,WHI,2023,2
TOYOTA,LAND78,FWN,2023,1
TOYOTA,LAND78,GRY,2023,1
TOYOTA,LANDCR,BEI,2022,1
TOYOTA,LANDCR,BEI,2023,8
TOYOTA,LANDCR,BLK,2023,30
TOYOTA,LANDCR,BLU,2023,5
TOYOTA,LANDCR,BRN,2023,2
TOYOTA,LANDCR,BRZ,2023,6
TOYOTA,LANDCR,GRY,2023,47
TOYOTA,LANDCR,RED,2022,1
TOYOTA,LANDCR,RED,2023,8
TOYOTA,LANDCR,SIL,2023,23
TOYOTA,LANDCR,TAN,2023,1
TOYOTA,LANDCR,WHI,2022,3
TOYOTA,LANDCR,WHI,2023,140
TOYOTA,LANDDC,WHI,2023,1
TOYOTA,LC 300,BLU,2023,1
TOYOTA,LC 300,WHI,2023,1
TOYOTA,LC 76 ,GRY,2023,1
TOYOTA,LC 79 ,GRY,2022,1
TOYOTA,LC GRS,WHI,2023,1
TOYOTA,LC MIL,GRY,2023,2
TOYOTA,LC MIL,RED,2023,1
TOYOTA,LC MIL,WHI,2023,2
TOYOTA,LC PRA,BRZ,2023,1
TOYOTA,LC ZX ,WHI,2023,1
TOYOTA,LC300 ,BLK,2023,7
TOYOTA,LC300 ,GRY,2023,5
TOYOTA,LC300 ,SIL,2023,1
TOYOTA,LC300 ,WHI,2023,21
TOYOTA,LC70  ,BLU,2023,1
TOYOTA,LC70  ,SIL,2023,1
TOYOTA,LC70  ,WHI,2022,5
TOYOTA,LC70  ,WHI,2023,6
TOYOTA,LC78  ,BEI,2023,2
TOYOTA,LC78 T,BEI,2023,1
TOYOTA,LC78 T,WHI,2023,1
TOYOTA,LC79  ,GRY,2023,1
TOYOTA,LC79  ,RED,2023,1
TOYOTA,LC79  ,SIL,2023,1
TOYOTA,LC79  ,WHI,2023,2
TOYOTA,LC79 M,GRY,2023,1
TOYOTA,LCMIL ,WHI,2023,1
TOYOTA,LCRUIS,BLK,2023,1
TOYOTA,LCRUIS,SIL,2023,1
TOYOTA,LCRUIS,WHI,2023,1
TOYOTA,PRADO ,BLK,2023,63
TOYOTA,PRADO ,BRN,2023,2
TOYOTA,PRADO ,BRZ,2023,14
TOYOTA,PRADO ,GRN,2023,2
TOYOTA,PRADO ,GRY,2023,40
TOYOTA,PRADO ,RED,2023,3
TOYOTA,PRADO ,SIL,2023,27
TOYOTA,PRADO ,WHI,2023,128
TOYOTA,RAB4  ,WHI,2023,1
TOYOTA,RAV   ,BLU,2023,1
TOYOTA,RAV   ,GRN,2023,2
TOYOTA,RAV   ,GRY,2023,1
TOYOTA,RAV   ,RED,2023,1
TOYOTA,RAV   ,SIL,2023,1
TOYOTA,RAV   ,WHI,2023,1
TOYOTA,RAV 4 ,BLK,2023,8
TOYOTA,RAV 4 ,BLU,2023,9
TOYOTA,RAV 4 ,GRY,2023,18
TOYOTA,RAV 4 ,RED,2023,2
TOYOTA,RAV 4 ,SIL,2023,6
TOYOTA,RAV 4 ,WHI,2023,51
TOYOTA,RAV4  ,BLK,2023,30
TOYOTA,RAV4  ,BLU,2023,46
TOYOTA,RAV4  ,GRY,2023,80
TOYOTA,RAV4  ,KHA,2023,5
TOYOTA,RAV4  ,MRN,2023,1
TOYOTA,RAV4  ,RED,2023,36
TOYOTA,RAV4  ,SIL,2023,47
TOYOTA,RAV4  ,TUR,2023,1
TOYOTA,RAV4  ,WHI,2023,204
TOYOTA,RAV4 C,BLK,2023,1
TOYOTA,RAV4 C,BLU,2023,4
TOYOTA,RAV4 C,GRY,2023,1
TOYOTA,RAV4 C,RED,2023,4
TOYOTA,RAV4 C,SIL,2023,1
TOYOTA,RAV4 C,WHI,2023,5
TOYOTA,RAV4 E,BLK,2023,1
TOYOTA,RAV4 E,GRY,2023,1
TOYOTA,RAV4 G,GRY,2023,2
TOYOTA,RAV4 G,WHI,2023,10
TOYOTA,RAV4 H,BLK,2023,3
TOYOTA,RAV4 H,BLU,2023,3
TOYOTA,RAV4 H,GRY,2023,8
TOYOTA,RAV4 H,RED,2023,6
TOYOTA,RAV4 H,SIL,2023,5
TOYOTA,RAV4 H,WHI,2023,10
TOYOTA,RAV4 X,GRY,2023,1
TOYOTA,RAVH  ,BLU,2023,2
TOYOTA,RAVH  ,RED,2023,1
TOYOTA,RAVH  ,SIL,2023,1
TOYOTA,RAVH  ,WHI,2023,6
TOYOTA,RAVR H,SIL,2023,1
TOYOTA,SUPRA ,BLU,2023,1
TOYOTA,SUPRA ,GRY,2023,2
TOYOTA,SUPRA ,RED,2023,2
TOYOTA,SUPRA ,WHI,2023,4
TOYOTA,SUPRA ,YLW,2023,1
TOYOTA,T ROC ,SIL,2023,1
TOYOTA,TOYOTA,WHI,2023,1
TOYOTA,YARIS ,BEI,2023,3
TOYOTA,YARIS ,BLK,2023,15
TOYOTA,YARIS ,BLU,2022,1
TOYOTA,YARIS ,BLU,2023,19
TOYOTA,YARIS ,BRZ,2023,2
TOYOTA,YARIS ,GLD,2023,2
TOYOTA,YARIS ,PNK,2023,2
TOYOTA,YARIS ,RED,2023,12
TOYOTA,YARIS ,SIL,2023,20
TOYOTA,YARIS ,WHI,2023,30
TOYOTA,YARIS ,YLW,2023,1
TOYOTA,YARISX,BLU,2023,1
TOYOTA,YARISX,WHI,2023,1
TRANTO,ACS130,BLK,2023,1
TRIUM ,BONNE ,BLU,2022,1
TRIUM ,ROCKET,BLK,2022,1
TRIUM ,SCRAMB,KHA,2023,1
TRIUM ,SPD 3 ,OGE,2023,1
TRIUM ,SPEED ,OGE,2023,1
TRIUM ,SPEEDM,BLK,2022,1
TRIUM ,SPEEDM,RED,2022,1
TRIUM ,STR TR,RED,2023,1
TRIUM ,STREET,WHI,2023,1
TRIUM ,STREET,YLW,2023,1
TRIUM ,TIG 9 ,WHI,2022,1
TRIUM ,TIGER ,BLK,2023,4
TRIUM ,TIGER ,BLU,2022,1
TRIUM ,TIGER ,KHA,2022,1
TRIUM ,TIGER ,WHI,2022,2
TRIUM ,TIGERS,BLU,2023,1
TRIUM ,TIGERS,RED,2023,1
TRIUM ,TRIDNT,BLK,2022,1
TRIUM ,TRIDNT,BLK,2023,1
TRIUM ,TRIDNT,OGE,2022,1
TRIUM ,TRIDNT,OGE,2023,2
TRIUM ,TRIDNT,SIL,2022,1
TRIUM ,TRIDNT,SIL,2023,1
TRIUM ,TRUXTO,SIL,2022,1
TYMTRA,503HST,RED,2022,1
TYMTRA,503HST,RED,2023,1
U D   ,CD2536,WHI,2022,2
U D   ,CD2536,WHI,2023,1
U D   ,CG 30 ,WHI,2023,1
U D   ,CG 32 ,WHI,2022,1
U D   ,CG3036,WHI,2022,2
U D   ,CW2536,WHI,2022,1
U D   ,CWB   ,WHI,2022,1
U D   ,GW2646,WHI,2023,6
U D   ,PD2528,WHI,2023,2
U D   ,PK1828,WHI,2022,1
U D   ,QUON  ,WHI,2023,1
UN    ,CS7010,SIL,2023,1
UNITED,UHI754,RED,2023,1
VALTRA,N175V ,BLU,2023,1
VALTRA,T235D ,BLK,2023,1
VALTRA,T235D ,WHI,2023,1
VERM  ,S925  ,YLW,2023,1
VESPA ,GTS300,BLK,2022,1
VESPA ,GTS300,BLK,2023,1
VESPA ,GTS300,GRN,2023,1
VESPA ,GTS300,WHI,2023,1
VESPA ,GTV300,GRY,2022,1
VESPA ,SEI GE,GRY,2022,1
VESPA ,SPRINT,BLK,2023,1
VOLKS ,AMAROK,BEI,2023,3
VOLKS ,AMAROK,BLK,2022,3
VOLKS ,AMAROK,BLK,2023,2
VOLKS ,AMAROK,BLU,2023,3
VOLKS ,AMAROK,GRY,2022,1
VOLKS ,AMAROK,GRY,2023,8
VOLKS ,AMAROK,RED,2023,3
VOLKS ,AMAROK,WHI,2022,1
VOLKS ,AMAROK,WHI,2023,12
VOLKS ,ARTEON,BLK,2023,1
VOLKS ,ARTEON,BLU,2022,2
VOLKS ,ARTEON,BLU,2023,1
VOLKS ,ARTEON,GRY,2023,1
VOLKS ,ARTEON,RED,2023,1
VOLKS ,ARTEON,SIL,2022,1
VOLKS ,ARTEON,SIL,2023,2
VOLKS ,ARTEON,WHI,2022,2
VOLKS ,ARTEON,WHI,2023,1
VOLKS ,CADDY ,BLK,2023,2
VOLKS ,CADDY ,BLU,2023,1
VOLKS ,CADDY ,GRN,2023,1
VOLKS ,CADDY ,WHI,2023,7
VOLKS ,CRAFTE,BLK,2023,1
VOLKS ,CRAFTE,WHI,2023,9
VOLKS ,CZDC76,WHI,2023,1
VOLKS ,GOLF  ,BLK,2023,12
VOLKS ,GOLF  ,BLU,2023,19
VOLKS ,GOLF  ,GRY,2022,1
VOLKS ,GOLF  ,GRY,2023,28
VOLKS ,GOLF  ,RED,2023,1
VOLKS ,GOLF  ,SIL,2023,9
VOLKS ,GOLF  ,WHI,2022,2
VOLKS ,GOLF  ,WHI,2023,33
VOLKS ,GOLF  ,YLW,2023,3
VOLKS ,GOLF 8,BLU,2023,1
VOLKS ,GOLF G,BLK,2022,1
VOLKS ,GOLF G,BLK,2023,1
VOLKS ,GOLF G,BLU,2023,2
VOLKS ,GOLF G,GRY,2023,2
VOLKS ,GOLF G,RED,2022,1
VOLKS ,GOLF G,RED,2023,1
VOLKS ,GOLF G,WHI,2023,2
VOLKS ,GOLF L,BLK,2023,1
VOLKS ,GOLF R,BLK,2023,2
VOLKS ,GOLF R,BLU,2023,1
VOLKS ,GOLF R,GRY,2023,1
VOLKS ,GOLF R,WHI,2023,1
VOLKS ,MULTIV,BLK,2023,2
VOLKS ,MULTIV,BLU,2023,1
VOLKS ,MULTIV,GRY,2023,5
VOLKS ,MULTIV,RED,2023,1
VOLKS ,MULTIV,SIL,2022,1
VOLKS ,MULTIV,SIL,2023,3
VOLKS ,MULTIV,WHI,2023,2
VOLKS ,PASSAT,BLK,2023,3
VOLKS ,PASSAT,BLU,2023,1
VOLKS ,PASSAT,GRY,2023,2
VOLKS ,PASSAT,SIL,2023,1
VOLKS ,PASSAT,WHI,2022,1
VOLKS ,PASSAT,WHI,2023,3
VOLKS ,POLO  ,BLU,2023,1
VOLKS ,POLO  ,GRY,2023,2
VOLKS ,POLO  ,SIL,2023,3
VOLKS ,POLO G,GRY,2023,1
VOLKS ,T     ,WHI,2023,1
VOLKS ,T CROS,BLK,2023,8
VOLKS ,T CROS,BLU,2023,7
VOLKS ,T CROS,GRY,2023,9
VOLKS ,T CROS,OGE,2023,1
VOLKS ,T CROS,SIL,2023,9
VOLKS ,T CROS,TUR,2023,3
VOLKS ,T CROS,WHI,2023,14
VOLKS ,T ROC ,BLK,2023,6
VOLKS ,T ROC ,BLU,2023,6
VOLKS ,T ROC ,GRY,2023,7
VOLKS ,T ROC ,RED,2023,4
VOLKS ,T ROC ,SIL,2023,11
VOLKS ,T ROC ,WHI,2023,11
VOLKS ,T6 TRA,OGE,2023,1
VOLKS ,T-CROS,GRY,2022,1
VOLKS ,TCROSS,BLK,2023,13
VOLKS ,TCROSS,BLU,2023,7
VOLKS ,TCROSS,GRN,2023,2
VOLKS ,TCROSS,GRY,2023,17
VOLKS ,TCROSS,RED,2023,1
VOLKS ,TCROSS,SIL,2023,7
VOLKS ,TCROSS,TUR,2023,4
VOLKS ,TCROSS,WHI,2023,23
VOLKS ,TIGAUN,BLU,2023,1
VOLKS ,TIGUAN,BLK,2023,31
VOLKS ,TIGUAN,BLU,2023,55
VOLKS ,TIGUAN,GRY,2023,38
VOLKS ,TIGUAN,RED,2023,1
VOLKS ,TIGUAN,SIL,2023,30
VOLKS ,TIGUAN,WHI,2023,73
VOLKS ,TOUARE,BLK,2023,5
VOLKS ,TOUARE,BLU,2023,3
VOLKS ,TOUARE,GRY,2022,3
VOLKS ,TOUARE,GRY,2023,1
VOLKS ,TOUARE,WHI,2022,5
VOLKS ,TOUARE,WHI,2023,1
VOLKS ,TRANSP,BLK,2023,2
VOLKS ,TRANSP,BLU,2023,2
VOLKS ,TRANSP,GRY,2023,4
VOLKS ,TRANSP,SIL,2023,1
VOLKS ,TRANSP,WHI,2022,1
VOLKS ,TRANSP,WHI,2023,14
VOLKS ,TROC  ,BLK,2023,4
VOLKS ,TROC  ,BLU,2023,15
VOLKS ,TROC  ,GRY,2023,16
VOLKS ,TROC  ,RED,2023,4
VOLKS ,TROC  ,SIL,2023,10
VOLKS ,TROC  ,WHI,2022,1
VOLKS ,TROC  ,WHI,2023,22
VOLKS ,TROC R,BLK,2023,2
VOLKS ,TROC R,BLU,2023,4
VOLKS ,TROC R,GRY,2023,2
VOLKS ,TROC R,SIL,2023,1
VOLKS ,TROC R,WHI,2023,1
VOLVO ,      ,YLW,2022,1
VOLVO ,796920,WHI,2023,1
VOLVO ,B8R   ,WHI,2023,3
VOLVO ,BZL   ,WHI,2023,2
VOLVO ,C40   ,BLK,2023,6
VOLVO ,C40   ,BLU,2023,4
VOLVO ,C40   ,GRN,2023,7
VOLVO ,C40   ,GRY,2023,3
VOLVO ,C40   ,RED,2023,2
VOLVO ,C40   ,SIL,2023,3
VOLVO ,C40   ,WHI,2023,2
VOLVO ,FE    ,WHI,2022,3
VOLVO ,FE280 ,WHI,2023,1
VOLVO ,FE320 ,WHI,2022,1
VOLVO ,FE320 ,WHI,2023,2
VOLVO ,FH    ,RED,2023,1
VOLVO ,FH    ,WHI,2022,1
VOLVO ,FH    ,WHI,2023,1
VOLVO ,FH500 ,GRY,2022,1
VOLVO ,FH540 ,RED,2023,2
VOLVO ,FH540 ,WHI,2022,2
VOLVO ,FH600 ,BLU,2023,1
VOLVO ,FH600 ,WHI,2022,1
VOLVO ,FH600 ,WHI,2023,8
VOLVO ,FH700 ,GRY,2023,1
VOLVO ,FM    ,GRY,2022,1
VOLVO ,FM11 8,WHI,2023,1
VOLVO ,FM410 ,WHI,2022,2
VOLVO ,FM410 ,WHI,2023,3
VOLVO ,FM450 ,WHI,2023,2
VOLVO ,FM460 ,WHI,2023,1
VOLVO ,FM500 ,WHI,2022,1
VOLVO ,FM500 ,WHI,2023,1
VOLVO ,FM540 ,WHI,2022,4
VOLVO ,FM540 ,WHI,2023,8
VOLVO ,FM54O ,WHI,2023,1
VOLVO ,S60   ,BEI,2023,1
VOLVO ,S60   ,BLK,2023,2
VOLVO ,S60   ,GRY,2022,1
VOLVO ,S60   ,SIL,2023,2
VOLVO ,V60   ,BLK,2023,2
VOLVO ,V60   ,BLU,2023,2
VOLVO ,V60   ,WHI,2023,2
VOLVO ,XC40  ,BEI,2022,1
VOLVO ,XC40  ,BEI,2023,6
VOLVO ,XC40  ,BLK,2023,16
VOLVO ,XC40  ,BLU,2023,16
VOLVO ,XC40  ,GLD,2023,6
VOLVO ,XC40  ,GRN,2023,12
VOLVO ,XC40  ,GRY,2022,2
VOLVO ,XC40  ,GRY,2023,17
VOLVO ,XC40  ,RED,2023,1
VOLVO ,XC40  ,SIL,2023,10
VOLVO ,XC40  ,WHI,2023,31
VOLVO ,XC60  ,BEI,2023,2
VOLVO ,XC60  ,BLK,2023,8
VOLVO ,XC60  ,BLU,2023,9
VOLVO ,XC60  ,GLD,2023,2
VOLVO ,XC60  ,GRY,2023,11
VOLVO ,XC60  ,SIL,2023,4
VOLVO ,XC60  ,WHI,2023,12
VOLVO ,XC90  ,BLK,2023,4
VOLVO ,XC90  ,BLU,2023,3
VOLVO ,XC90  ,GRY,2023,3
VOLVO ,XC90  ,SIL,2023,1
VOLVO ,XC90  ,WHI,2023,4
W STAR,4700 6,WHI,2022,1
YALE  ,GDP25U,YLW,2022,1
YAMAHA,CZD300,BLK,2023,1
YAMAHA,CZD300,GRN,2023,4
YAMAHA,CZD300,SIL,2023,1
YAMAHA,GPD150,GRN,2023,1
YAMAHA,GPD155,BLU,2023,2
YAMAHA,GPD155,GRN,2023,2
YAMAHA,GPD155,WHI,2023,3
YAMAHA,LTS125,WHI,2023,1
YAMAHA,MT03  ,BLK,2022,2
YAMAHA,MT03  ,BLK,2023,1
YAMAHA,MT03  ,BLU,2023,1
YAMAHA,MT03  ,GRY,2023,1
YAMAHA,MT03LA,BLU,2022,1
YAMAHA,MT07LA,BLK,2023,6
YAMAHA,MT07LA,BLU,2023,4
YAMAHA,MT07LA,GRY,2023,2
YAMAHA,MT09SP,BLK,2023,1
YAMAHA,MT09TR,GRY,2022,1
YAMAHA,MTM890,BLK,2023,1
YAMAHA,MTM890,BLU,2023,1
YAMAHA,MTN32A,BLK,2023,1
YAMAHA,MW155 ,BLU,2022,1
YAMAHA,NMAX15,BLK,2023,1
YAMAHA,NMAX15,WHI,2023,1
YAMAHA,R MAX ,GRY,2023,1
YAMAHA,TENERE,BLU,2022,1
YAMAHA,TENERE,GRY,2022,1
YAMAHA,TRACER,BLK,2023,1
YAMAHA,TTR125,BLU,2023,1
YAMAHA,WR250F,BLU,2022,1
YAMAHA,WR250F,BLU,2023,6
YAMAHA,WR450F,BLU,2022,5
YAMAHA,WR450F,BLU,2023,4
YAMAHA,XP560D,BLK,2023,1
YAMAHA,XSR700,BLK,2022,1
YAMAHA,XSR700,BLK,2023,1
YAMAHA,XSR900,BLK,2023,2
YAMAHA,XSR900,BLU,2023,1
YAMAHA,XTX690,BLK,2023,1
YAMAHA,XTZ690,BLK,2023,4
YAMAHA,XTZ690,BLU,2022,1
YAMAHA,XTZ690,BLU,2023,2
YAMAHA,XTZ690,GRN,2023,1
YAMAHA,XTZ690,RED,2023,1
YAMAHA,XTZ700,BLK,2023,1
YAMAHA,XTZ700,BLU,2023,2
YAMAHA,XTZ700,GRY,2023,1
YAMAHA,XTZ700,WHI,2023,1
YAMAHA,YXE850,BLU,2022,1
YAMAHA,YZF R1,SIL,2022,1
YAMAHA,YZFR1 ,BLK,2023,1
YAMAHA,YZFR1 ,BLU,2023,1
YAMAHA,YZFR15,SIL,2023,2
YAMAHA,YZFR1M,BLU,2022,1
YAMAHA,YZFR1M,SIL,2022,1
YAMAHA,YZFR1P,BLK,2022,1
YAMAHA,YZFR3A,BLK,2022,2
YAMAHA,YZFR3A,BLK,2023,3
YAMAHA,YZFR3A,BLU,2022,1
YAMAHA,YZFR3A,BLU,2023,3
YAMAHA,YZFR3A,OGE,2022,1
YAMAHA,YZFR3A,PUR,2023,1
YAMAHA,YZFR7 ,WHI,2023,1
YAMAHA,YZFR7L,BLK,2023,8
YAMAHA,YZFR7L,BLU,2022,1
YAMAHA,YZFR7L,BLU,2023,1
YAMAHA,YZFR7L,WHI,2023,6
YANMAR,V1020 ,RED,2023,1
YANMAR,V10306,RED,2022,1
YUTONG,ZK6772,WHI,2023,2

